USE master

USE GRUPO04
GO

-- Datos de prueba de una empresa que produce galletas

-- 'Unidad de Medida'
INSERT INTO [dbo].[unidadMedida] (unm_nombre) 
VALUES ('KG'), ('LT'), ('UND')
GO

SELECT * FROM unidadMedida
GO

-- 'Material'
INSERT INTO [dbo].[material] (mat_nombre, unm_id, mat_cantidad, mat_precioUnitario)
VALUES ('Harina', 1, 100, 10.00), ('Azucar', 1, 100, 5.00), ('Huevos', 3, 100, 0.50), ('Leche', 2, 100, 1.00), 
('Mantequilla', 1, 100, 2.00), ('Sal', 3, 100, 0.10), ('Polvo de hornear', 3, 100, 0.20), ('Vainilla', 3, 100, 0.30), 
('Chocolate', 1, 100, 3.00), ('Canela', 3, 100, 0.40), ('Cafe', 1, 100, 4.00), ('Coco', 1, 100, 2.50), ('Nuez', 1, 100, 2.50),
 ('Mermelada', 1, 100, 2.50), ('Caramelo', 1, 100, 2.50), ('Mani', 1, 100, 3.50), ('Frambuesa', 1, 100, 6.50), ('Almendra', 1, 100, 1.20),('Arandano', 1, 100, 3.50)
GO


SELECT * FROM material
GO
UPDATE material SET mat_cantidad = 1000

-- 'Articulo'
INSERT INTO [dbo].[articulo] (art_nombre, art_stock)
VALUES ('Galleta de vainilla', 0), ('Galleta de chocolate', 0), ('Galleta de coco', 0), ('Galleta de nuez', 0), ('Galleta de mermelada', 0), ('Galleta de cafe', 0), ('Galleta de canela', 0),
 ('Galleta de caramelo',0), ('Galleta de mani',0), ('Galleta de frambuesa',0), ('Galleta de almendra',0), ('Galleta de arandano',0)
GO

SELECT * FROM articulo
GO

--  'Puesto'
INSERT INTO [dbo].[puesto] (pue_nombre)
VALUES ('Administrador'), ('Gerente'), ('Supervisor'), ('Operario'), ('Jefe de produccion'), ('Obrero'),('Desarrollador')
GO


SELECT * FROM puesto
GO

-- 'Personal'
INSERT INTO [dbo].[personal] (per_nombre, per_sueldoHora, pue_id)
VALUES ('Juan Perez', 25.00, 1), ('Pedro Gomez', 20.00, 2), ('Maria Lopez', 18.00, 3), ('Jose Ramirez', 10.00, 4),
 ('Luisa Martinez', 15.00, 5), ('Ana Garcia', 6.00, 6), ('Carlos Sanchez', 6.00, 6), ('Jorge Rodriguez', 6.00, 6), 
 ('Miguel Hernandez', 6.00, 6), ('Rosa Gonzalez', 6.00, 6), ('Raul Perez', 6.00, 6), ('Sofia Gomez', 6.00, 6), 
 ('Fernando Lopez', 6.00, 6), ('Javier Ramirez', 6.00, 6), ('Luis Martinez', 6.00, 6), ('Ana Garcia', 6.00, 6), 
 ('Carlos Sanchez', 6.00, 6), ('Jorge Rodriguez', 6.00, 6), ('Miguel Hernandez', 6.00, 6), ('Rosa Gonzalez', 6.00, 6),
  ('Raul Perez', 6.00, 6), ('Sofia Gomez', 6.00, 6), ('Fernando Lopez', 6.00, 6), ('Javier Ramirez', 6.00, 6),
   ('Luis Martinez', 6.00, 6), ('Ana Garcia', 6.00, 6), ('Carlos Sanchez', 6.00, 6), ('Jorge Rodriguez', 6.00, 6), 
   ('Miguel Hernandez', 6.00, 6), ('Rosa Gonzalez', 6.00, 6), ('Raul Perez', 6.00, 6), ('Sofia Gomez', 6.00, 6), 
   ('Fernando Lopez', 6.00, 6), ('Javier Ramirez', 6.00, 6), ('Luis Martinez', 6.00, 6), ('Ana Garcia', 6.00, 6), 
   ('Carlos Sanchez', 6.00, 6), ('Jorge Rodriguez', 6.00, 6), ('Miguel Hernandez', 6.00, 6), ('Rosa Gonzalez', 6.00, 6),
    ('Raul Perez', 6.00, 6), ('Sofia Gomez', 6.00, 6), ('Fernando Lopez', 6.00, 6), ('Javier Ramirez', 6.00, 6)
GO
INSERT INTO [dbo].[personal] (per_nombre, per_sueldoHora, pue_id)
VALUES ('Pepe Chavil', 10.00, 4),('Clara Rojas', 10.00, 4),('Mario Efrain Quispe Huaman', 50.00, 7)
------------------------------------------------------------------
SELECT * FROM personal
 SELECT		p.pue_nombre AS Puesto,
			pe.per_nombre AS Personal,
			pe.per_id		AS IdPersonal
 FROM puesto p
 INNER JOIN Personal pe  ON p.pue_id = pe.pue_id



-- 'MES enero horario de Personal

INSERT INTO [dbo].[horarioPersonal] (hper_fecha, hper_horaInicio, hper_horaFin, per_id)
VALUES  ('2023-01-01', '08:00:00', '12:00:00', 2), ('2023-01-01', '08:00:00', '12:00:00', 3),
 ('2023-01-01', '08:00:00', '12:00:00', 4), ('2023-01-01', '08:00:00', '12:00:00', 5), ('2023-01-01', '08:00:00', '12:00:00', 6),
 ('2023-01-01', '08:00:00', '12:00:00', 7), ('2023-01-01', '08:00:00', '12:00:00', 8), ('2023-01-01', '08:00:00', '12:00:00', 9),
  ('2023-01-01', '08:00:00', '12:00:00', 10), ('2023-01-01', '08:00:00', '12:00:00', 11), ('2023-01-01', '08:00:00', '12:00:00', 12), 
  ('2023-01-01', '08:00:00', '12:00:00', 13), ('2023-01-01', '08:00:00', '12:00:00', 14), ('2023-01-01', '08:00:00', '12:00:00', 15), 
  ('2023-01-01', '08:00:00', '12:00:00', 16), ('2023-01-01', '08:00:00', '12:00:00', 17), ('2023-01-01', '08:00:00', '12:00:00', 18), 
  ('2023-01-01', '08:00:00', '12:00:00', 19)
GO
--   mes (febrero)
INSERT INTO [dbo].[horarioPersonal] (hper_fecha, hper_horaInicio, hper_horaFin, per_id)
VALUES 
--('2023-02-01', '08:00:00', '12:00:00', 1),
('2023-02-01', '08:00:00', '12:00:00', 2),
('2023-02-01', '08:00:00', '12:00:00', 3),
('2023-02-01', '08:00:00', '12:00:00', 4),
('2023-02-01', '08:00:00', '12:00:00', 5),
('2023-02-01', '08:00:00', '12:00:00', 6),
('2023-02-01', '08:00:00', '12:00:00', 7),
('2023-02-01', '08:00:00', '12:00:00', 8),
('2023-02-01', '08:00:00', '12:00:00', 9),
('2023-02-01', '08:00:00', '12:00:00', 10),
('2023-02-01', '08:00:00', '12:00:00', 11),
('2023-02-01', '08:00:00', '12:00:00', 12),
('2023-02-01', '08:00:00', '12:00:00', 13),
('2023-02-01', '08:00:00', '12:00:00', 14),
('2023-02-01', '08:00:00', '12:00:00', 15),
('2023-02-01', '08:00:00', '12:00:00', 16),
('2023-02-01', '08:00:00', '12:00:00', 17),
('2023-02-01', '08:00:00', '12:00:00', 18),
('2023-02-01', '08:00:00', '12:00:00', 19)
GO
--Mes marzo
INSERT INTO [dbo].[horarioPersonal] (hper_fecha, hper_horaInicio, hper_horaFin, per_id)
VALUES 
    ('2023-03-01', '08:00:00', '12:00:00', 1),
    ('2023-03-01', '08:00:00', '12:00:00', 2),
    ('2023-03-01', '08:00:00', '12:00:00', 3),
    ('2023-03-01', '08:00:00', '12:00:00', 4),
    ('2023-03-01', '08:00:00', '12:00:00', 5),
    ('2023-03-01', '08:00:00', '12:00:00', 6),
    ('2023-03-01', '08:00:00', '12:00:00', 7),
    ('2023-03-01', '08:00:00', '12:00:00', 8),
    ('2023-03-01', '08:00:00', '12:00:00', 9),
    ('2023-03-01', '08:00:00', '12:00:00', 10),
    ('2023-03-01', '08:00:00', '12:00:00', 11),
    ('2023-03-01', '08:00:00', '12:00:00', 12),
    ('2023-03-01', '08:00:00', '12:00:00', 13),
    ('2023-03-01', '08:00:00', '12:00:00', 14),
    ('2023-03-01', '08:00:00', '12:00:00', 15),
    ('2023-03-01', '08:00:00', '12:00:00', 16),
    ('2023-03-01', '08:00:00', '12:00:00', 17),
    ('2023-03-01', '08:00:00', '12:00:00', 18),
    ('2023-03-01', '08:00:00', '12:00:00', 19);
GO

-- MES 04 a 12
INSERT INTO [dbo].[horarioPersonal] (hper_fecha, hper_horaInicio, hper_horaFin, per_id)
VALUES 
-- Abril
('2023-04-01', '08:00:00', '12:00:00', 1),
('2023-04-01', '08:00:00', '12:00:00', 2),
('2023-04-01', '08:00:00', '12:00:00', 3),
('2023-04-01', '08:00:00', '12:00:00', 4),
('2023-04-01', '08:00:00', '12:00:00', 5),
('2023-04-01', '08:00:00', '12:00:00', 6),
('2023-04-01', '08:00:00', '12:00:00', 7),
('2023-04-01', '08:00:00', '12:00:00', 8),
('2023-04-01', '08:00:00', '12:00:00', 9),
('2023-04-01', '08:00:00', '12:00:00', 10),
('2023-04-01', '08:00:00', '12:00:00', 11),
('2023-04-01', '08:00:00', '12:00:00', 12),
('2023-04-01', '08:00:00', '12:00:00', 13),
('2023-04-01', '08:00:00', '12:00:00', 14),
('2023-04-01', '08:00:00', '12:00:00', 15),
('2023-04-01', '08:00:00', '12:00:00', 16),
('2023-04-01', '08:00:00', '12:00:00', 17),
('2023-04-01', '08:00:00', '12:00:00', 18),
('2023-04-01', '08:00:00', '12:00:00', 19),
-- Mayo

('2023-05-01', '08:00:00', '12:00:00', 1),
('2023-05-01', '08:00:00', '12:00:00', 2),
('2023-05-01', '08:00:00', '12:00:00', 3),
('2023-05-01', '08:00:00', '12:00:00', 4),
('2023-05-01', '08:00:00', '12:00:00', 5),
('2023-05-01', '08:00:00', '12:00:00', 6),
('2023-05-01', '08:00:00', '12:00:00', 7),
('2023-05-01', '08:00:00', '12:00:00', 8),
('2023-05-01', '08:00:00', '12:00:00', 9),
('2023-05-01', '08:00:00', '12:00:00', 10),
('2023-05-01', '08:00:00', '12:00:00', 11),
('2023-05-01', '08:00:00', '12:00:00', 12),
('2023-05-01', '08:00:00', '12:00:00', 13),
('2023-05-01', '08:00:00', '12:00:00', 14),
('2023-05-01', '08:00:00', '12:00:00', 15),
('2023-05-01', '08:00:00', '12:00:00', 16),
('2023-05-01', '08:00:00', '12:00:00', 17),
('2023-05-01', '08:00:00', '12:00:00', 18),
('2023-05-01', '08:00:00', '12:00:00', 19),

-- Junio
('2023-06-01', '08:00:00', '12:00:00', 1),
('2023-06-01', '08:00:00', '12:00:00', 2),
('2023-06-01', '08:00:00', '12:00:00', 3),
('2023-06-01', '08:00:00', '12:00:00', 4),
('2023-06-01', '08:00:00', '12:00:00', 5),
('2023-06-01', '08:00:00', '12:00:00', 6),
('2023-06-01', '08:00:00', '12:00:00', 7),
('2023-06-01', '08:00:00', '12:00:00', 8),
('2023-06-01', '08:00:00', '12:00:00', 9),
('2023-06-01', '08:00:00', '12:00:00', 10),
('2023-06-01', '08:00:00', '12:00:00', 11),
('2023-06-01', '08:00:00', '12:00:00', 12),
('2023-06-01', '08:00:00', '12:00:00', 13),
('2023-06-01', '08:00:00', '12:00:00', 14),
('2023-06-01', '08:00:00', '12:00:00', 15),
('2023-06-01', '08:00:00', '12:00:00', 16),
('2023-06-01', '08:00:00', '12:00:00', 17),
('2023-06-01', '08:00:00', '12:00:00', 18),
('2023-06-01', '08:00:00', '12:00:00', 19),

-- Julio
('2023-07-01', '08:00:00', '12:00:00', 1),
('2023-07-01', '08:00:00', '12:00:00', 2),
('2023-07-01', '08:00:00', '12:00:00', 3),
('2023-07-01', '08:00:00', '12:00:00', 4),
('2023-07-01', '08:00:00', '12:00:00', 5),
('2023-07-01', '08:00:00', '12:00:00', 6),
('2023-07-01', '08:00:00', '12:00:00', 7),
('2023-07-01', '08:00:00', '12:00:00', 8),
('2023-07-01', '08:00:00', '12:00:00', 9),
('2023-07-01', '08:00:00', '12:00:00', 10),
('2023-07-01', '08:00:00', '12:00:00', 11),
('2023-07-01', '08:00:00', '12:00:00', 12),
('2023-07-01', '08:00:00', '12:00:00', 13),
('2023-07-01', '08:00:00', '12:00:00', 14),
('2023-07-01', '08:00:00', '12:00:00', 15),
('2023-07-01', '08:00:00', '12:00:00', 16),
('2023-07-01', '08:00:00', '12:00:00', 17),
('2023-07-01', '08:00:00', '12:00:00', 18),
('2023-07-01', '08:00:00', '12:00:00', 19),

-- Agosto
('2023-08-01', '08:00:00', '12:00:00', 1),
('2023-08-01', '08:00:00', '12:00:00', 2),
('2023-08-01', '08:00:00', '12:00:00', 3),
('2023-08-01', '08:00:00', '12:00:00', 4),
('2023-08-01', '08:00:00', '12:00:00', 5),
('2023-08-01', '08:00:00', '12:00:00', 6),
('2023-08-01', '08:00:00', '12:00:00', 7),
('2023-08-01', '08:00:00', '12:00:00', 8),
('2023-08-01', '08:00:00', '12:00:00', 9),
('2023-08-01', '08:00:00', '12:00:00', 10),
('2023-08-01', '08:00:00', '12:00:00', 11),
('2023-08-01', '08:00:00', '12:00:00', 12),
('2023-08-01', '08:00:00', '12:00:00', 13),
('2023-08-01', '08:00:00', '12:00:00', 14),
('2023-08-01', '08:00:00', '12:00:00', 15),
('2023-08-01', '08:00:00', '12:00:00', 16),
('2023-08-01', '08:00:00', '12:00:00', 17),
('2023-08-01', '08:00:00', '12:00:00', 18),
('2023-08-01', '08:00:00', '12:00:00', 19),

-- Septiembre
('2023-09-01', '08:00:00', '12:00:00', 1),
('2023-09-01', '08:00:00', '12:00:00', 2),
('2023-09-01', '08:00:00', '12:00:00', 3),
('2023-09-01', '08:00:00', '12:00:00', 4),
('2023-09-01', '08:00:00', '12:00:00', 5),
('2023-09-01', '08:00:00', '12:00:00', 6),
('2023-09-01', '08:00:00', '12:00:00', 7),
('2023-09-01', '08:00:00', '12:00:00', 8),
('2023-09-01', '08:00:00', '12:00:00', 9),
('2023-09-01', '08:00:00', '12:00:00', 10),
('2023-09-01', '08:00:00', '12:00:00', 11),
('2023-09-01', '08:00:00', '12:00:00', 12),
('2023-09-01', '08:00:00', '12:00:00', 13),
('2023-09-01', '08:00:00', '12:00:00', 14),
('2023-09-01', '08:00:00', '12:00:00', 15),
('2023-09-01', '08:00:00', '12:00:00', 16),
('2023-09-01', '08:00:00', '12:00:00', 17),
('2023-09-01', '08:00:00', '12:00:00', 18),
('2023-09-01', '08:00:00', '12:00:00', 19),

-- Octubre
('2023-10-01', '08:00:00', '12:00:00', 1),
('2023-10-01', '08:00:00', '12:00:00', 2),
('2023-10-01', '08:00:00', '12:00:00', 3),
('2023-10-01', '08:00:00', '12:00:00', 4),
('2023-10-01', '08:00:00', '12:00:00', 5),
('2023-10-01', '08:00:00', '12:00:00', 6),
('2023-10-01', '08:00:00', '12:00:00', 7),
('2023-10-01', '08:00:00', '12:00:00', 8),
('2023-10-01', '08:00:00', '12:00:00', 9),
('2023-10-01', '08:00:00', '12:00:00', 10),
('2023-10-01', '08:00:00', '12:00:00', 11),
('2023-10-01', '08:00:00', '12:00:00', 12),
('2023-10-01', '08:00:00', '12:00:00', 13),
('2023-10-01', '08:00:00', '12:00:00', 14),
('2023-10-01', '08:00:00', '12:00:00', 15),
('2023-10-01', '08:00:00', '12:00:00', 16),
('2023-10-01', '08:00:00', '12:00:00', 17),
('2023-10-01', '08:00:00', '12:00:00', 18),
('2023-10-01', '08:00:00', '12:00:00', 19),

-- Noviembre
('2023-11-01', '08:00:00', '12:00:00', 1),
('2023-11-01', '08:00:00', '12:00:00', 2),
('2023-11-01', '08:00:00', '12:00:00', 3),
('2023-11-01', '08:00:00', '12:00:00', 4),
('2023-11-01', '08:00:00', '12:00:00', 5),
('2023-11-01', '08:00:00', '12:00:00', 6),
('2023-11-01', '08:00:00', '12:00:00', 7),
('2023-11-01', '08:00:00', '12:00:00', 8),
('2023-11-01', '08:00:00', '12:00:00', 9),
('2023-11-01', '08:00:00', '12:00:00', 10),
('2023-11-01', '08:00:00', '12:00:00', 11),
('2023-11-01', '08:00:00', '12:00:00', 12),
('2023-11-01', '08:00:00', '12:00:00', 13),
('2023-11-01', '08:00:00', '12:00:00', 14),
('2023-11-01', '08:00:00', '12:00:00', 15),
('2023-11-01', '08:00:00', '12:00:00', 16),
('2023-11-01', '08:00:00', '12:00:00', 17),
('2023-11-01', '08:00:00', '12:00:00', 18),
('2023-11-01', '08:00:00', '12:00:00', 19),

-- Diciembre
('2023-12-01', '08:00:00', '12:00:00', 1),
('2023-12-01', '08:00:00', '12:00:00', 2),
('2023-12-01', '08:00:00', '12:00:00', 3),
('2023-12-01', '08:00:00', '12:00:00', 4),
('2023-12-01', '08:00:00', '12:00:00', 5),
('2023-12-01', '08:00:00', '12:00:00', 6),
('2023-12-01', '08:00:00', '12:00:00', 7),
('2023-12-01', '08:00:00', '12:00:00', 8),
('2023-12-01', '08:00:00', '12:00:00', 9),
('2023-12-01', '08:00:00', '12:00:00', 10),
('2023-12-01', '08:00:00', '12:00:00', 11),
('2023-12-01', '08:00:00', '12:00:00', 12),
('2023-12-01', '08:00:00', '12:00:00', 13),
('2023-12-01', '08:00:00', '12:00:00', 14),
('2023-12-01', '08:00:00', '12:00:00', 15),
('2023-12-01', '08:00:00', '12:00:00', 16),
('2023-12-01', '08:00:00', '12:00:00', 17),
('2023-12-01', '08:00:00', '12:00:00', 18),
('2023-12-01', '08:00:00', '12:00:00', 19)
GO




SELECT * FROM [dbo].[horarioPersonal]
-- UPDATE [dbo].[horarioPersonal]
-- SET hper_fecha = '2023-10-09'
-- WHERE per_id = 4

SELECT 
    p.per_id,
    p.per_nombre,
    p.per_sueldoHora,
    pu.pue_nombre,
    hp.hper_fecha,
    hp.hper_horaInicio,
    hp.hper_horaFin
FROM personal p
INNER JOIN horarioPersonal hp ON p.per_id = hp.per_id
INNER JOIN puesto pu ON p.pue_id = pu.pue_id;



-- 'gerencia'
INSERT INTO [dbo].[gerencia] (ger_nombre)
VALUES ('Finanzas'), ('Planificacion'), ('Ventas')
GO

SELECT * FROM gerencia

-- 'cronograma'
INSERT INTO [dbo].[cronograma] (cro_fechaInicio, cro_horaInicio, cro_fechaFin, cro_horaFin)
VALUES 
('2023-01-01', '08:00:00', '2023-04-01', '12:00:00'),
('2023-02-01', '08:00:00', '2023-04-01', '12:00:00'),
('2023-03-01', '08:00:00', '2023-04-01', '12:00:00'),
('2023-04-01', '08:00:00', '2023-04-01', '12:00:00'),
('2023-05-01', '08:00:00', '2023-05-01', '12:00:00'),
('2023-06-01', '08:00:00', '2023-06-01', '12:00:00'),
('2023-07-01', '08:00:00', '2023-07-01', '12:00:00'),
('2023-08-01', '08:00:00', '2023-08-01', '12:00:00'),
('2023-09-01', '08:00:00', '2023-09-01', '12:00:00'),
('2023-10-01', '08:00:00', '2023-10-01', '12:00:00'),
('2023-11-01', '08:00:00', '2023-11-01', '12:00:00'),
('2023-12-01', '08:00:00', '2023-12-01', '12:00:00');
GO 

SELECT * FROM cronograma

DELETE cronograma WHERE cro_id IN (1,2)
-- 'planta'
INSERT INTO [dbo].[planta] (pla_nombre, pla_direccion, cro_id)
VALUES ('Planta General', 'Av. Pacasmayo El Progreso',1), ('Planta 2', 'Av. 2',2), ('Planta 3', 'Av. 3',3)
GO

SELECT * FROM planta
UPDATE planta SET cro_id = 12 WHERE pla_id = 3


-- 'tipoResolucion'
INSERT INTO [dbo].[tipoResolucion] (tres_nombre)
VALUES ('Pedido'), ('Aceptacion'), ('Rechazo')
GO

select * 
	from tipoResolucion
select COUNT(tres_id) from tipoResolucion
	TRUNCATE TABLE [dbo].[resolucion]
SELECT * FROM personal
SELECT * FROM resolucion
--MES 1  'resolucion'
INSERT INTO [dbo].[resolucion] (res_serie, res_numero, res_fecha, res_descripcion, tres_id, res_idResolucion, res_estado, ger_id)
VALUES   ('RGVA', 1001, '2023-01-01', 'Resolucion de pedido', 1, NULL, 0, 3), 
         ('RGFB', 1002, '2023-01-01', 'Resolucion de aceptacion', 2, 1, 1, 1),
         ('RGPC', 1003, '2023-01-01', 'Resolucion de aceptacion', 2, 1, 1, 2)
GO
--MES 2  'resolucion'
INSERT INTO [dbo].[resolucion] (res_serie, res_numero, res_fecha, res_descripcion, tres_id, res_idResolucion, res_estado, ger_id)
VALUES   ('RGVD', 1004, '2023-02-01', 'Resolucion de pedido', 1, NULL, 0, 3),
         ('RGFE', 1005, '2023-02-01', 'Resolucion de aceptacion', 2, 4, 1, 1),
         ('RGPF', 1006, '2023-02-01', 'Resolucion de aceptacion', 2, 4, 1, 2)
GO

--MES 3  'resolucion'
INSERT INTO [dbo].[resolucion] (res_serie, res_numero, res_fecha, res_descripcion, tres_id, res_idResolucion, res_estado, ger_id)
VALUES   ('RGVG', 1007, '2023-03-01', 'Resolucion de pedido', 1, NULL, 0, 3),
         ('RGFH', 1008, '2023-03-01', 'Resolucion de aceptacion', 2, 7, 1, 1),
         ('RGPI', 1009, '2023-03-01', 'Resolucion de aceptacion', 2, 7, 1, 2)
GO

--MES 4 al 12  'resolucion'
INSERT INTO [dbo].[resolucion] (res_serie, res_numero, res_fecha, res_descripcion, tres_id, res_idResolucion, res_estado, ger_id)
VALUES   
-- Mes 4
('RGVJ', 1010, '2023-04-01', 'Resolucion de pedido', 1, NULL, 0, 3), 
('RGFK', 1011, '2023-04-01', 'Resolucion de aceptacion', 2, 10, 1, 1),
('RGPL', 1012, '2023-04-01', 'Resolucion de aceptacion', 2, 10, 1, 2),
-- Mes 5
('RGVM', 1013, '2023-05-01', 'Resolucion de pedido', 1, NULL, 0, 3),
('RGFN', 1014, '2023-05-01', 'Resolucion de aceptacion', 2, 13, 1, 1),
('RGPO', 1015, '2023-05-01', 'Resolucion de aceptacion', 2, 13, 1, 2),
-- Mes 6
('RGVP', 1016, '2023-06-01', 'Resolucion de pedido', 1, NULL, 0, 3),
('RGFQ', 1017, '2023-06-01', 'Resolucion de aceptacion', 2, 16, 1, 1),
('RGPR', 1018, '2023-06-01', 'Resolucion de aceptacion', 2, 16, 1, 2),
-- Mes 7
('RGVS', 10019, '2023-07-01', 'Resolucion de pedido', 1, NULL, 0, 3),
('RGFT', 1020, '2023-07-01', 'Resolucion de aceptacion', 2, 19, 1, 1),
('RGPV', 1021, '2023-07-01', 'Resolucion de aceptacion', 2, 19, 1, 2),
-- Mes 8
('RGVW', 1022, '2023-08-01', 'Resolucion de pedido', 1, NULL, 0, 3),
('RGFY', 1023, '2023-08-01', 'Resolucion de aceptacion', 2, 22, 1, 1),
('RGPZ', 1024, '2023-08-01', 'Resolucion de aceptacion', 2, 22, 1, 2),
-- Mes 9
('RGAA', 1025, '2023-09-01', 'Resolucion de pedido', 1, NULL, 0, 3),
('RGAB', 1026, '2023-09-01', 'Resolucion de aceptacion', 2, 25, 1, 1),
('RGAC', 1027, '2023-09-01', 'Resolucion de aceptacion', 2, 25, 1, 2),
-- Mes 10
('RGAD', 1028, '2023-10-01', 'Resolucion de pedido', 1, NULL, 0, 3),
('RGAE', 1029, '2023-10-01', 'Resolucion de aceptacion', 2, 28, 1, 1),
('RGAF', 1030, '2023-10-01', 'Resolucion de aceptacion', 2, 28, 1, 2),
-- Mes 11
('RGAG', 1031, '2023-11-01', 'Resolucion de pedido', 1, NULL, 0, 3),
('RGAH', 1032, '2023-11-01', 'Resolucion de aceptacion', 2, 31, 1, 1),
('RGAI', 1033, '2023-11-01', 'Resolucion de aceptacion', 2, 31, 1, 2),
-- Mes 12
('RGAJ', 1034, '2023-12-01', 'Resolucion de pedido', 1, NULL, 0, 3),
('RGAK', 1035, '2023-12-01', 'Resolucion de aceptacion', 2, 34, 1, 1),
('RGPL', 1036, '2023-12-01', 'Resolucion de aceptacion', 2, 34, 1, 2);
GO

SELECT * FROM resolucion

--INSERT INTO [dbo].[resolucion] (res_serie, res_numero, res_fecha, res_descripcion, tres_id, res_idResolucion, res_estado, ger_id)
--VALUES	 ('RGAM', 1037, '2023-10-11', 'Resolucion de pedido', 1, NULL, 0, 3),
--         ('RGAO', 1038, '2023-10-11', 'Resolucion de aceptacion', 2, 37, 1, 1),
--         ('RGAP', 1039, '2023-10-11', 'Resolucion de aceptacion', 2, 37, 1, 2),
--		 ('RGAQ', 1040, '2023-10-11', 'Resolucion de pedido', 1, NULL, 0, 3),
--         ('RGAR', 1041, '2023-10-11', 'Resolucion de aceptacion', 2, 40, 1, 1),
--         ('RGAS', 1042, '2023-10-11', 'Resolucion de aceptacion', 2, 40, 1, 2),
--		 ('RGAT', 1043, '2023-10-11', 'Resolucion de pedido', 1, NULL, 0, 3),
--         ('RGAV', 1044, '2023-10-11', 'Resolucion de aceptacion', 2, 43, 1, 1),
--         ('RGAW', 1045, '2023-10-11', 'Resolucion de aceptacion', 2, 43, 1, 2),
--		 ('RGAX', 1046, '2023-10-11', 'Resolucion de pedido', 1, NULL, 0, 3),
--         ('RGAY', 1047, '2023-10-11', 'Resolucion de aceptacion', 2, 46, 1, 1),
--         ('RGAZ', 1048, '2023-10-11', 'Resolucion de aceptacion', 2, 46, 1, 2),
--		 ('RGBA', 1049, '2023-10-11', 'Resolucion de pedido', 1, NULL, 0, 3),
--         ('RGBB', 1050, '2023-10-11', 'Resolucion de aceptacion', 2, 49, 1, 1),
--         ('RGBC', 1051, '2023-10-11', 'Resolucion de aceptacion', 2, 49, 1, 2)
--GO


DELETE FROM [dbo].[resolucion]
WHERE res_id = 4;

select COUNT(tres_id)
	from resolucion

UPDATE [dbo].[hproduccion]
SET hpr_fecha = '2023-10-11'
WHERE hpr_id in (4,5,6)
GO

 SELECT * FROM hproduccion
GO
TRUNCATE TABLE [dbo].[hproduccion]
--MES 1 Insert 'hproduccion' 
INSERT INTO [dbo].[hproduccion] (hpr_fecha, art_id, hpr_cantidad, per_id, hpr_fechaInicio, hpr_horaInicio, hpr_fechaFin, hpr_horaFin, hpr_presupuesto, pla_id, res_id)
VALUES  ('2023-01-01', 1, 50, 4, '2023-01-01', '08:00:00', '2023-01-01', '12:00:00', 200.00, 1, 1),
	    ('2023-01-01', 2, 50, 4, '2023-01-01', '08:00:00', '2023-01-01', '12:00:00', 200.00, 1, 1),
		('2023-01-01', 3, 50, 4, '2023-01-01', '08:00:00', '2023-01-01', '12:00:00', 200.00, 1, 1),
		('2023-01-01', 4, 50, 4, '2023-01-01', '08:00:00', '2023-01-01', '12:00:00', 200.00, 1, 1),
		('2023-01-01', 5, 50, 4, '2023-01-01', '08:00:00', '2023-01-01', '12:00:00', 200.00, 1, 1),
		('2023-01-01', 6, 50, 4, '2023-01-01', '08:00:00', '2023-01-01', '12:00:00', 200.00, 1, 1),
		('2023-01-01', 7, 50, 4, '2023-01-01', '08:00:00', '2023-01-01', '12:00:00', 200.00, 1, 1),
		('2023-01-01', 8, 50, 4, '2023-01-01', '08:00:00', '2023-01-01', '12:00:00', 200.00, 1, 1),
		('2023-01-01', 9, 50, 4, '2023-01-01', '08:00:00', '2023-01-01', '12:00:00', 200.00, 1, 1),
		('2023-01-01', 10,50, 4, '2023-01-01', '08:00:00', '2023-01-01', '12:00:00', 200.00, 1, 1),
		('2023-01-01', 11,50, 4, '2023-01-01', '08:00:00', '2023-01-01', '12:00:00', 200.00, 1, 1),
		('2023-01-01', 12,50, 4, '2023-01-01', '08:00:00', '2023-01-01', '12:00:00', 200.00, 1, 1)
GO

--MES 2 Insert 'hproduccion' 
INSERT INTO [dbo].[hproduccion] (hpr_fecha, art_id, hpr_cantidad, per_id, hpr_fechaInicio, hpr_horaInicio, hpr_fechaFin, hpr_horaFin, hpr_presupuesto, pla_id, res_id)
VALUES  ('2023-02-01', 1, 100, 4, '2023-01-01', '08:00:00', '2023-02-01', '12:00:00', 1000.00, 1, 1),
	    ('2023-02-01', 2, 300, 4, '2023-01-01', '08:00:00', '2023-02-01', '12:00:00', 3000.00, 1, 1),
		('2023-02-01', 3, 200, 4, '2023-01-01', '08:00:00', '2023-02-01', '12:00:00', 2000.00, 1, 1),
		('2023-02-01', 4, 80, 4, '2023-01-01', '08:00:00', '2023-02-01', '12:00:00', 400.00, 1, 1),
		('2023-02-01', 5, 90, 4, '2023-01-01', '08:00:00', '2023-02-01', '12:00:00', 500.00, 1, 1),
		('2023-02-01', 6, 50, 4, '2023-01-01', '08:00:00', '2023-02-01', '12:00:00', 200.00, 1, 1),
		('2023-02-01', 7, 50, 4, '2023-01-01', '08:00:00', '2023-02-01', '12:00:00', 200.00, 1, 1),
		('2023-02-01', 8, 120, 4, '2023-01-01', '08:00:00', '2023-02-01', '12:00:00', 800.00, 1, 1),
		('2023-02-01', 9, 80, 4, '2023-01-01', '08:00:00', '2023-02-01', '12:00:00', 400.00, 1, 1),
		('2023-02-01', 10,300, 4, '2023-01-01', '08:00:00', '2023-02-01', '12:00:00', 1000.00, 1, 1),
		('2023-02-01', 11,300, 4, '2023-01-01', '08:00:00', '2023-02-01', '12:00:00', 1000.00, 1, 1),
		('2023-02-01', 12,300, 4, '2023-01-01', '08:00:00', '2023-02-01', '12:00:00', 1000.00, 1, 1)
GO

--MES 3 Insert 'hproduccion' 
INSERT INTO [dbo].[hproduccion] (hpr_fecha, art_id, hpr_cantidad, per_id, hpr_fechaInicio, hpr_horaInicio, hpr_fechaFin, hpr_horaFin, hpr_presupuesto, pla_id, res_id)
VALUES  
    ('2023-03-01', 1, 100, 4, '2023-02-01', '08:00:00', '2023-03-01', '12:00:00', 1000.00, 1, 1),
    ('2023-03-01', 2, 300, 4, '2023-02-01', '08:00:00', '2023-03-01', '12:00:00', 1000.00, 1, 1),
    ('2023-03-01', 3, 200, 4, '2023-02-01', '08:00:00', '2023-03-01', '12:00:00', 2000.00, 1, 1),
    ('2023-03-01', 4, 80, 4, '2023-02-01', '08:00:00', '2023-03-01', '12:00:00', 400.00, 1, 1),
    ('2023-03-01', 5, 90, 4, '2023-02-01', '08:00:00', '2023-03-01', '12:00:00', 500.00, 1, 1),
    ('2023-03-01', 6, 50, 4, '2023-02-01', '08:00:00', '2023-03-01', '12:00:00', 200.00, 1, 1),
    ('2023-03-01', 7, 50, 4, '2023-02-01', '08:00:00', '2023-03-01', '12:00:00', 200.00, 1, 1),
    ('2023-03-01', 8, 120, 4, '2023-02-01', '08:00:00', '2023-03-01', '12:00:00', 800.00, 1, 1),
    ('2023-03-01', 9, 80, 4, '2023-02-01', '08:00:00', '2023-03-01', '12:00:00', 400.00, 1, 1),
    ('2023-03-01', 10,1000, 4, '2023-02-01', '08:00:00', '2023-03-01', '12:00:00', 3000.00, 1, 1),
    ('2023-03-01', 11,1000, 4, '2023-02-01', '08:00:00', '2023-03-01', '12:00:00', 3000.00, 1, 1),
    ('2023-03-01', 12,1000, 4, '2023-02-01', '08:00:00', '2023-03-01', '12:00:00', 3000.00, 1, 1);
GO

INSERT INTO [dbo].[hproduccion] (hpr_fecha, art_id, hpr_cantidad, per_id, hpr_fechaInicio, hpr_horaInicio, hpr_fechaFin, hpr_horaFin, hpr_presupuesto, pla_id, res_id)
VALUES  
-- Mes 4
('2023-04-01', 1, 100, 4, '2023-03-01', '08:00:00', '2023-04-1', '12:00:00', 1000.00, 1, 1),
('2023-04-01', 2, 300, 4, '2023-03-01', '08:00:00', '2023-04-1', '12:00:00', 1000.00, 1, 1),
('2023-04-01', 3, 200, 4, '2023-03-01', '08:00:00', '2023-04-1', '12:00:00', 2000.00, 1, 1),
('2023-04-01', 4, 80, 4, '2023-03-01', '08:00:00', '2023-04-1', '12:00:00', 400.00, 1, 1),
('2023-04-01', 5, 90, 4, '2023-03-01', '08:00:00', '2023-04-1', '12:00:00', 500.00, 1, 1),
('2023-04-01', 6, 50, 4, '2023-03-01', '08:00:00', '2023-04-1', '12:00:00', 200.00, 1, 1),
('2023-04-01', 7, 50, 4, '2023-03-01', '08:00:00', '2023-04-1', '12:00:00', 200.00, 1, 1),
('2023-04-01', 8, 120, 4, '2023-03-01', '08:00:00', '2023-04-1', '12:00:00', 800.00, 1, 1),
('2023-04-01', 9, 80, 4, '2023-03-01', '08:00:00', '2023-04-1', '12:00:00', 400.00, 1, 1),
('2023-04-01', 10,1000, 4, '2023-03-01', '08:00:00', '2023-04-10', '12:00:00', 3000.00, 1, 1),
('2023-04-01', 11,1000, 4, '2023-03-01', '08:00:00', '2023-04-10', '12:00:00', 3000.00, 1, 1),
('2023-04-01', 12,1000, 4, '2023-03-01', '08:00:00', '2023-04-10', '12:00:00', 3000.00, 1, 1),

-- Mes 5
('2023-05-01', 1, 700, 4, '2023-04-01', '08:00:00', '2023-05-10', '12:00:00', 2000.00, 1, 1),
('2023-05-01', 2, 900, 4, '2023-04-01', '08:00:00', '2023-05-10', '12:00:00', 2000.00, 1, 1),
('2023-05-01', 3, 900, 4, '2023-04-01', '08:00:00', '2023-05-10', '12:00:00', 2000.00, 1, 1),
('2023-05-01', 4, 500, 4, '2023-04-01', '08:00:00', '2023-05-10', '12:00:00', 900.00, 1, 1),
('2023-05-01', 5, 2000, 4, '2023-04-01', '08:00:00', '2023-05-10', '12:00:00', 500.00, 1, 1),
('2023-05-01', 6, 500, 4, '2023-04-01', '08:00:00', '2023-05-10', '12:00:00', 200.00, 1, 1),
('2023-05-01', 7, 500, 4, '2023-04-01', '08:00:00', '2023-05-10', '12:00:00', 200.00, 1, 1),
('2023-05-01', 8, 400, 4, '2023-04-01', '08:00:00', '2023-05-10', '12:00:00', 800.00, 1, 1),
('2023-05-01', 9, 800, 4, '2023-04-01', '08:00:00', '2023-05-10', '12:00:00', 1000.00, 1, 1),
('2023-05-01', 10,5000, 4, '2023-04-01', '08:00:00', '2023-05-20', '12:00:00', 5000.00, 1, 1),
('2023-05-01', 11,5000, 4, '2023-04-01', '08:00:00', '2023-05-20', '12:00:00', 5000.00, 1, 1),
('2023-05-01', 12,5000, 4, '2023-04-01', '08:00:00', '2023-05-20', '12:00:00', 5000.00, 1, 1),
-- Mes 6
('2023-06-01', 1, 100, 4, '2023-05-01', '08:00:00', '2023-06-01', '12:00:00', 1000.00, 1, 1),
('2023-06-01', 2, 300, 4, '2023-05-01', '08:00:00', '2023-06-01', '12:00:00', 1000.00, 1, 1),
('2023-06-01', 3, 200, 4, '2023-05-01', '08:00:00', '2023-06-01', '12:00:00', 2000.00, 1, 1),
('2023-06-01', 4, 80, 4, '2023-05-01', '08:00:00', '2023-06-01', '12:00:00', 400.00, 1, 1),
('2023-06-01', 5, 90, 4, '2023-05-01', '08:00:00', '2023-06-01', '12:00:00', 500.00, 1, 1),
('2023-06-01', 6, 50, 4, '2023-05-01', '08:00:00', '2023-06-01', '12:00:00', 200.00, 1, 1),
('2023-06-01', 7, 50, 4, '2023-05-01', '08:00:00', '2023-06-01', '12:00:00', 200.00, 1, 1),
('2023-06-01', 8, 120, 4, '2023-05-01', '08:00:00', '2023-06-01', '12:00:00', 800.00, 1, 1),
('2023-06-01', 9, 80, 4, '2023-05-01', '08:00:00', '2023-06-01', '12:00:00', 400.00, 1, 1),
('2023-06-01', 10,1000, 4, '2023-05-01', '08:00:00', '2023-06-07', '12:00:00', 3000.00, 1, 1),
('2023-06-01', 11,1000, 4, '2023-05-01', '08:00:00', '2023-06-07', '12:00:00', 3000.00, 1, 1),
('2023-06-01', 12,1000, 4, '2023-05-01', '08:00:00', '2023-06-07', '12:00:00', 3000.00, 1, 1),
-- Mes 7
('2023-07-01', 1, 100, 4, '2023-06-01', '08:00:00', '2023-07-01', '12:00:00', 1000.00, 1, 1),
('2023-07-01', 2, 300, 4, '2023-06-01', '08:00:00', '2023-07-02', '12:00:00', 1000.00, 1, 1),
('2023-07-01', 3, 200, 4, '2023-06-01', '08:00:00', '2023-07-01', '12:00:00', 2000.00, 1, 1),
('2023-07-01', 4, 80, 4, '2023-06-01', '08:00:00', '2023-07-01', '12:00:00', 400.00, 1, 1),
('2023-07-01', 5, 90, 4, '2023-06-01', '08:00:00', '2023-07-01', '12:00:00', 500.00, 1, 1),
('2023-07-01', 6, 50, 4, '2023-06-01', '08:00:00', '2023-07-01', '12:00:00', 200.00, 1, 1),
('2023-07-01', 7, 50, 4, '2023-06-01', '08:00:00', '2023-07-01', '12:00:00', 200.00, 1, 1),
('2023-07-01', 8, 120, 4, '2023-06-01', '08:00:00', '2023-07-01', '12:00:00', 800.00, 1, 1),
('2023-07-01', 9, 80, 4, '2023-06-01', '08:00:00', '2023-07-01', '12:00:00', 400.00, 1, 1),
('2023-07-01', 10,500, 4, '2023-06-01', '08:00:00', '2023-07-02', '12:00:00', 2000.00, 1, 1),
('2023-07-01', 11,500, 4, '2023-06-01', '08:00:00', '2023-07-02', '12:00:00', 2000.00, 1, 1),
('2023-07-01', 12,500, 4, '2023-06-01', '08:00:00', '2023-07-02', '12:00:00', 2000.00, 1, 1),
-- Mes 8
('2023-08-01', 1, 100, 4, '2023-07-01', '08:00:00', '2023-08-01', '12:00:00', 1000.00, 1, 1),
('2023-08-01', 2, 300, 4, '2023-07-01', '08:00:00', '2023-08-02', '12:00:00', 1000.00, 1, 1),
('2023-08-01', 3, 200, 4, '2023-07-01', '08:00:00', '2023-08-01', '12:00:00', 2000.00, 1, 1),
('2023-08-01', 4, 80, 4, '2023-07-01', '08:00:00', '2023-08-01', '12:00:00', 400.00, 1, 1),
('2023-08-01', 5, 90, 4, '2023-07-01', '08:00:00', '2023-08-01', '12:00:00', 500.00, 1, 1),
('2023-08-01', 6, 50, 4, '2023-07-01', '08:00:00', '2023-08-01', '12:00:00', 200.00, 1, 1),
('2023-08-01', 7, 50, 4, '2023-07-01', '08:00:00', '2023-08-01', '12:00:00', 200.00, 1, 1),
('2023-08-01', 8, 120, 4, '2023-07-01', '08:00:00', '2023-08-01', '12:00:00', 800.00, 1, 1),
('2023-08-01', 9, 80, 4, '2023-07-01', '08:00:00', '2023-08-01', '12:00:00', 400.00, 1, 1),
('2023-08-01', 10,500, 4, '2023-07-01', '08:00:00', '2023-08-02', '12:00:00', 5000.00, 1, 1),
('2023-08-01', 11,500, 4, '2023-07-01', '08:00:00', '2023-08-02', '12:00:00', 5000.00, 1, 1),
('2023-08-01', 12,500, 4, '2023-07-01', '08:00:00', '2023-08-02', '12:00:00', 5000.00, 1, 1),
-- Mes 9
('2023-09-01', 1, 100, 4, '2023-08-01', '08:00:00', '2023-09-01', '12:00:00', 1000.00, 1, 1),
('2023-09-01', 2, 300, 4, '2023-08-01', '08:00:00', '2023-09-02', '12:00:00', 1000.00, 1, 1),
('2023-09-01', 3, 200, 4, '2023-08-01', '08:00:00', '2023-09-01', '12:00:00', 2000.00, 1, 1),
('2023-09-01', 4, 80, 4, '2023-08-01', '08:00:00', '2023-09-01', '12:00:00', 400.00, 1, 1),
('2023-09-01', 5, 90, 4, '2023-08-01', '08:00:00', '2023-09-01', '12:00:00', 500.00, 1, 1),
('2023-09-01', 6, 50, 4, '2023-08-01', '08:00:00', '2023-09-01', '12:00:00', 200.00, 1, 1),
('2023-09-01', 7, 50, 4, '2023-08-01', '08:00:00', '2023-09-01', '12:00:00', 200.00, 1, 1),
('2023-09-01', 8, 120, 4, '2023-08-01', '08:00:00', '2023-09-01', '12:00:00', 800.00, 1, 1),
('2023-09-01', 9, 80, 4, '2023-08-01', '08:00:00', '2023-09-01', '12:00:00', 400.00, 1, 1),
('2023-09-01', 10,500, 4, '2023-08-01', '08:00:00', '2023-09-02', '12:00:00', 2000.00, 1, 1),
('2023-09-01', 11,500, 4, '2023-08-01', '08:00:00', '2023-09-02', '12:00:00', 2000.00, 1, 1),
('2023-09-01', 12,500, 4, '2023-08-01', '08:00:00', '2023-09-02', '12:00:00', 2000.00, 1, 1),
-- Mes 10
('2023-10-01', 1, 100, 4, '2023-09-01', '08:00:00', '2023-10-01', '12:00:00', 1000.00, 1, 1),
('2023-10-01', 2, 300, 4, '2023-09-01', '08:00:00', '2023-10-3', '12:00:00', 1000.00, 1, 1),
('2023-10-01', 3, 200, 4, '2023-09-01', '08:00:00', '2023-10-01', '12:00:00', 2000.00, 1, 1),
('2023-10-01', 4, 80, 4, '2023-09-01', '08:00:00', '2023-10-01', '12:00:00', 400.00, 1, 1),
('2023-10-01', 5, 90, 4, '2023-09-01', '08:00:00', '2023-10-01', '12:00:00', 500.00, 1, 1),
('2023-10-01', 6, 50, 4, '2023-09-01', '08:00:00', '2023-10-01', '12:00:00', 200.00, 1, 1),
('2023-10-01', 7, 50, 4, '2023-09-01', '08:00:00', '2023-10-01', '12:00:00', 200.00, 1, 1),
('2023-10-01', 8, 120, 4, '2023-09-01', '08:00:00', '2023-10-01', '12:00:00', 800.00, 1, 1),
('2023-10-01', 9, 80, 4, '2023-09-01', '08:00:00', '2023-10-01', '12:00:00', 400.00, 1, 1),
('2023-10-01', 10,1000, 4, '2023-09-01', '08:00:00', '2023-10-10', '12:00:00', 3000.00, 1, 1),
('2023-10-01', 11,1000, 4, '2023-09-01', '08:00:00', '2023-10-10', '12:00:00', 3000.00, 1, 1),
('2023-10-01', 12,1000, 4, '2023-09-01', '08:00:00', '2023-10-10', '12:00:00', 3000.00, 1, 1),
-- Mes 11
('2023-11-01', 1, 1000, 4, '2023-10-01', '08:00:00', '2023-11-10', '12:00:00', 1000.00, 1, 1),
('2023-11-01', 2, 3000, 4, '2023-10-01', '08:00:00', '2023-11-10', '12:00:00', 3000.00, 1, 1),
('2023-11-01', 3, 2000, 4, '2023-10-01', '08:00:00', '2023-11-10', '12:00:00', 2000.00, 1, 1),
('2023-11-01', 4, 800, 4, '2023-10-01', '08:00:00', '2023-11-10', '12:00:00', 1500.00, 1, 1),
('2023-11-01', 5, 900, 4, '2023-10-01', '08:00:00', '2023-11-10', '12:00:00', 1000.00, 1, 1),
('2023-11-01', 6, 500, 4, '2023-10-01', '08:00:00', '2023-11-10', '12:00:00', 600.00, 1, 1),
('2023-11-01', 7, 500, 4, '2023-10-01', '08:00:00', '2023-11-10', '12:00:00', 600.00, 1, 1),
('2023-11-01', 8, 1200, 4, '2023-10-01', '08:00:00', '2023-11-10', '12:00:00', 1000.00, 1, 1),
('2023-11-01', 9, 800, 4, '2023-10-01', '08:00:00', '2023-11-10', '12:00:00', 900.00, 1, 1),
('2023-11-01', 10,5000, 4, '2023-10-01', '08:00:00', '2023-11-10', '12:00:00', 5000.00, 1, 1),
('2023-11-01', 11,5000, 4, '2023-10-01', '08:00:00', '2023-11-10', '12:00:00', 5000.00, 1, 1),
('2023-11-01', 12,5000, 4, '2023-10-01', '08:00:00', '2023-11-10', '12:00:00', 5000.00, 1, 1),
-- Mes 12
('2023-12-01', 1, 9000, 45, '2023-11-01', '08:00:00', '2023-12-23', '12:00:00', 5000.00, 1, 1),
('2023-12-01', 2, 3000, 45, '2023-11-01', '08:00:00', '2023-12-23', '12:00:00', 2000.00, 1, 1),
('2023-12-01', 3, 20000, 45, '2023-11-01', '08:00:00', '2023-12-23', '12:00:00', 4000.00, 1, 1),
('2023-12-01', 4, 8000, 45, '2023-11-01', '08:00:00', '2023-12-23', '12:00:00', 4000.00, 1, 1),
('2023-12-01', 5, 9000, 45, '2023-11-01', '08:00:00', '2023-12-23', '12:00:00', 5000.00, 1, 1),
('2023-12-01', 6, 5000, 45, '2023-11-01', '08:00:00', '2023-12-23', '12:00:00', 2000.00, 1, 1),
('2023-12-01', 7, 5000, 45, '2023-11-01', '08:00:00', '2023-12-23', '12:00:00', 2000.00, 1, 1),
('2023-12-01', 8, 1200, 45, '2023-11-01', '08:00:00', '2023-12-23', '12:00:00', 8000.00, 1, 1),
('2023-12-01', 9, 8000, 45, '2023-11-01', '08:00:00', '2023-12-23', '12:00:00', 4000.00, 1, 1),
('2023-12-01', 10,10000, 45, '2023-11-01', '08:00:00', '2023-12-23', '12:00:00', 9000.00, 1, 1),
('2023-12-01', 11,10000, 45, '2023-11-01', '08:00:00', '2023-12-23', '12:00:00', 9000.00, 1, 1),
('2023-12-01', 12,10000, 45, '2023-11-01', '08:00:00', '2023-12-23', '12:00:00', 9000.00, 1, 1);
GO




TRUNCATE table hproduccionMaterial

SELECT * FROM hproduccion

SELECT * FROM hproduccionMaterial
--  MES 1  'hproduccionMaterial'
INSERT INTO [dbo].[hproduccionMaterial] (hprmat_cantidad, hpr_id, mat_id)
VALUES  (13, 1, 1),(10, 1, 2),(15, 1, 3),(20, 1, 4),(10, 1, 5),(2, 1, 6),(4, 1, 7),(25, 1, 8), --INGREDIENTES BASE 1-7 [vainilla] UND
		(13, 2, 1),(10, 2, 2),(15, 2, 3),(20, 2, 4),(10, 2, 5),(2, 2, 6),(4, 2, 7),(15, 2, 9), --INGREDIENTES BASE 1-7 [chocolate]
		(13, 3, 1),(10, 3, 2),(15, 3, 3),(20, 3, 4),(10, 3, 5),(2, 3, 6),(4, 3, 7),(15, 3, 12), --INGREDIENTES BASE 1-7 [coco]
		(13, 4, 1),(10, 4, 2),(15, 4, 3),(20, 4, 4),(10, 4, 5),(2, 4, 6),(4, 4, 7),(15, 4, 13), --INGREDIENTES BASE 1-7 [nuez]
		(13, 5, 1),(10, 5, 2),(15, 5, 3),(20, 5, 4),(10, 5, 5),(2, 5, 6),(4, 5, 7),(10, 5, 14), --INGREDIENTES BASE 1-7 [mermelada]
		(13, 6, 1),(10, 6, 2),(15, 6, 3),(20, 6, 4),(10, 6, 5),(2, 6, 6),(4, 6, 7),(13, 6, 10), --INGREDIENTES BASE 1-7 [canela] UND
		(13, 7, 1),(10, 7, 2),(15, 7, 3),(20, 7, 4),(10, 7, 5),(2, 7, 6),(4, 7, 7),(3, 7, 11), --INGREDIENTES BASE 1-7 [cafe]
		(13, 8, 1),(10, 8, 2),(15, 8, 3),(20, 8, 4),(10, 8, 5),(2, 8, 6),(4, 8, 7),(5, 8, 15), --INGREDIENTES BASE 1-7 [caramelo]
		(13, 9, 1),(10, 9, 2),(15, 9, 3),(20, 9, 4),(10, 9, 5),(2, 9, 6),(4, 9, 7),(10, 9, 16), --INGREDIENTES BASE 1-7 [mani]
		(13, 10, 1),(10, 10, 2),(15, 10, 3),(20, 10, 4),(10, 10, 5),(2, 10, 6),(4, 10, 7),(10, 10, 17), --INGREDIENTES BASE 1-7 [frambuesa]
		(13, 11, 1),(10, 11, 2),(15, 11, 3),(20, 11, 4),(10, 11, 5),(2, 11, 6),(4, 11, 7),(10, 11, 18), --INGREDIENTES BASE 1-7 [almendra]
		(13, 12, 1),(10, 12, 2),(15, 12, 3),(20, 12, 4),(10, 12, 5),(2, 12, 6),(4, 12, 7),(10, 12, 19) --INGREDIENTES BASE 1-7 [arandano]
GO

-- MES 2  'hproduccionMaterial'
INSERT INTO [dbo].[hproduccionMaterial] (hprmat_cantidad, hpr_id, mat_id)
VALUES  (50, 13, 1),(30, 13, 2),(50, 13, 3),(40, 13, 4),(20, 13, 5),(10, 13, 6),(20, 13, 7),(50, 13, 8), --INGREDIENTES BASE 1-7 [vainilla] UND
		(100, 14, 1),(50, 14, 2),(70, 14, 3),(50, 14, 4),(40, 14, 5),(20, 14, 6),(25, 14, 7),(100, 14, 9), --INGREDIENTES BASE 1-7 [chocolate]
		(80, 15, 1),(40, 15, 2),(60, 15, 3),(45, 15, 4),(30, 15, 5),(15, 15, 6),(30, 15, 7),(460, 15, 12), --INGREDIENTES BASE 1-7 [coco]
		(40, 16, 1),(20, 16, 2),(25, 16, 3),(35, 16, 4),(25, 16, 5),(5, 16, 6),(15, 16, 7),(30, 16, 13), --INGREDIENTES BASE 1-7 [nuez]
		(30, 17, 1),(20, 17, 2),(20, 17, 3),(25, 17, 4),(23, 17, 5),(4, 17, 6),(12, 17, 7),(40, 17, 14), --INGREDIENTES BASE 1-7 [mermelada]
		(40, 18, 1),(30, 18, 2),(20, 18, 3),(35, 18, 4),(20, 18, 5),(5, 18, 6),(15, 18, 7),(13, 18, 10), --INGREDIENTES BASE 1-7 [canela] UND
		(20, 19, 1),(20, 19, 2),(15, 19, 3),(20, 19, 4),(10, 19, 5),(2, 19, 6),(4, 19, 7),(13, 19, 11), --INGREDIENTES BASE 1-7 [cafe]
		(20, 20, 1),(20, 20, 2),(15, 20, 3),(20, 20, 4),(10, 20, 5),(2, 20, 6),(4, 20, 7),(15, 20, 15), --INGREDIENTES BASE 1-7 [caramelo]
		(80, 21, 1),(40, 21, 2),(60, 21, 3),(45, 21, 4),(30, 21, 5),(15, 21, 6),(30, 21, 7),(10, 21, 16), --INGREDIENTES BASE 1-7 [mani]
		(60, 22, 1),(30, 22, 2),(45, 22, 3),(35, 22, 4),(27, 22, 5),(15, 22, 6),(23, 22, 7),(100, 22, 17), --INGREDIENTES BASE 1-7 [frambuesa]
		(100, 23, 1),(50, 23, 2),(70, 23, 3),(50, 23, 4),(40, 23, 5),(20, 23, 6),(25, 23, 7),(100, 23, 18), --INGREDIENTES BASE 1-7 [almendra]
		(100, 24, 1),(50, 24, 2),(70, 24, 3),(50, 24, 4),(40, 24, 5),(20, 24, 6),(25, 24, 7),(100, 24, 19) --INGREDIENTES BASE 1-7 [arandano]
GO		


-- MES 3 'hproduccionMaterial'
INSERT INTO [dbo].[hproduccionMaterial] (hprmat_cantidad, hpr_id, mat_id)
VALUES  
    (50, 25, 1),(30, 25, 2),(50, 25, 3),(40, 25, 4),(20, 25, 5),(10, 25, 6),(20, 25, 7),(50, 25, 8), --INGREDIENTES BASE 1-7 [vainilla] UND
    (100, 26, 1),(50, 26, 2),(70, 26, 3),(50, 26, 4),(40, 26, 5),(20, 26, 6),(25, 26, 7),(100, 26, 9), --INGREDIENTES BASE 1-7 [chocolate]
    (80, 27, 1),(40, 27, 2),(60, 27, 3),(45, 27, 4),(30, 27, 5),(15, 27, 6),(30, 27, 7),(460, 27, 12), --INGREDIENTES BASE 1-7 [coco]
    (40, 28, 1),(20, 28, 2),(25, 28, 3),(35, 28, 4),(25, 28, 5),(5, 28, 6),(15, 28, 7),(30, 28, 13), --INGREDIENTES BASE 1-7 [nuez]
    (30, 29, 1),(20, 29, 2),(20, 29, 3),(25, 29, 4),(23, 29, 5),(4, 29, 6),(12, 29, 7),(40, 29, 14), --INGREDIENTES BASE 1-7 [mermelada]
    (40, 30, 1),(30, 30, 2),(20, 30, 3),(35, 30, 4),(20, 30, 5),(5, 30, 6),(15, 30, 7),(13, 30, 10), --INGREDIENTES BASE 1-7 [canela] UND
    (20, 31, 1),(20, 31, 2),(15, 31, 3),(20, 31, 4),(10, 31, 5),(2, 31, 6),(4, 31, 7),(13, 31, 11), --INGREDIENTES BASE 1-7 [cafe]
    (20, 32, 1),(20, 32, 2),(15, 32, 3),(20, 32, 4),(10, 32, 5),(2, 32, 6),(4, 32, 7),(15, 32, 15), --INGREDIENTES BASE 1-7 [caramelo]
    (80, 33, 1),(40, 33, 2),(60, 33, 3),(45, 33, 4),(30, 33, 5),(15, 33, 6),(30, 33, 7),(10, 33, 16), --INGREDIENTES BASE 1-7 [mani]
    (1000, 34, 1),(500, 34, 2),(700, 34, 3),(500, 34, 4),(400, 34, 5),(200, 34, 6),(250, 34, 7),(500, 34, 17), --INGREDIENTES BASE 1-7 [frambuesa]
    (1000, 35, 1),(500, 35, 2),(700, 35, 3),(500, 35, 4),(400, 35, 5),(200, 35, 6),(250, 35, 7),(500, 35, 18), --INGREDIENTES BASE 1-7 [almendra]
    (1000, 36, 1),(500, 36, 2),(700, 36, 3),(500, 36, 4),(400, 36, 5),(200, 36, 6),(250, 36, 7),(500, 36, 19); --INGREDIENTES BASE 1-7 [arandano]
GO

-- MES 4-12 'hproduccionMaterial'
INSERT INTO [dbo].[hproduccionMaterial] (hprmat_cantidad, hpr_id, mat_id)
VALUES  
    -- Mes 4
(50, 37, 1),(30, 37, 2),(50, 37, 3),(40, 37, 4),(20, 37, 5),(10, 37, 6),(20, 37, 7),(50, 37, 8), --INGREDIENTES BASE 1-7 [vainilla] UND
(100, 38, 1),(50, 38, 2),(70, 38, 3),(50, 38, 4),(40, 38, 5),(20, 38, 6),(25, 38, 7),(100, 38, 9), --INGREDIENTES BASE 1-7 [chocolate]
(80, 39, 1),(40, 39, 2),(60, 39, 3),(45, 39, 4),(30, 39, 5),(15, 39, 6),(30, 39, 7),(460, 39, 12), --INGREDIENTES BASE 1-7 [coco]
(40, 40, 1),(20, 40, 2),(25, 40, 3),(35, 40, 4),(25, 40, 5),(5, 40, 6),(15, 40, 7),(30, 40, 13), --INGREDIENTES BASE 1-7 [nuez]
(30, 41, 1),(20, 41, 2),(20, 41, 3),(25, 41, 4),(23, 41, 5),(4, 41, 6),(12, 41, 7),(40, 41, 14), --INGREDIENTES BASE 1-7 [mermelada]
(40, 42, 1),(30, 42, 2),(20, 42, 3),(35, 42, 4),(20, 42, 5),(5, 42, 6),(15, 42, 7),(13, 42, 10), --INGREDIENTES BASE 1-7 [canela] UND
(20, 43, 1),(20, 43, 2),(15, 43, 3),(20, 43, 4),(10, 43, 5),(2, 43, 6),(4, 43, 7),(13, 43, 11), --INGREDIENTES BASE 1-7 [cafe]
(20, 44, 1),(20, 44, 2),(15, 44, 3),(20, 44, 4),(10, 44, 5),(2, 44, 6),(4, 44, 7),(15, 44, 15), --INGREDIENTES BASE 1-7 [caramelo]
(80, 45, 1),(40, 45, 2),(60, 45, 3),(45, 45, 4),(30, 45, 5),(15, 45, 6),(30, 45, 7),(10, 45, 16), --INGREDIENTES BASE 1-7 [mani]
(1000, 46, 1),(500, 46, 2),(700, 46, 3),(500, 46, 4),(400, 46, 5),(200, 46, 6),(250, 46, 7),(500, 46, 17), --INGREDIENTES BASE 1-7 [frambuesa]
(1000, 47, 1),(500, 47, 2),(700, 47, 3),(500, 47, 4),(400, 47, 5),(200, 47, 6),(250, 47, 7),(500, 47, 18), --INGREDIENTES BASE 1-7 [almendra]
(1000, 48, 1),(500, 48, 2),(700, 48, 3),(500, 48, 4),(400, 48, 5),(200, 48, 6),(250, 48, 7),(500, 48, 19), --INGREDIENTES BASE 1-7 [arandano]

-- Mes 5
(500, 49, 1),(300, 49, 2),(500, 49, 3),(400, 49, 4),(200, 49, 5),(100, 49, 6),(200, 49, 7),(500, 49, 8), --INGREDIENTES BASE 1-7 [vainilla] UND
(1000, 50, 1),(500, 50, 2),(700, 50, 3),(500, 50, 4),(400, 50, 5),(200, 50, 6),(205, 50, 7),(1000, 50, 9), --INGREDIENTES BASE 1-7 [chocolate]
(800, 51, 1),(400, 51, 2),(600, 51, 3),(405, 51, 4),(300, 51, 5),(150, 51, 6),(300, 51, 7),(1000, 51, 12), --INGREDIENTES BASE 1-7 [coco]
(400, 52, 1),(200, 52, 2),(250, 52, 3),(305, 52, 4),(205, 52, 5),(50, 52, 6),(150, 52, 7),(300, 52, 13), --INGREDIENTES BASE 1-7 [nuez]
(300, 53, 1),(200, 53, 2),(200, 53, 3),(205, 53, 4),(203, 53, 5),(40, 53, 6),(102, 53, 7),(400, 53, 14), --INGREDIENTES BASE 1-7 [mermelada]
(400, 54, 1),(300, 54, 2),(200, 54, 3),(305, 54, 4),(200, 54, 5),(50, 54, 6),(105, 54, 7),(130, 54, 10), --INGREDIENTES BASE 1-7 [canela] UND
(200, 55, 1),(200, 55, 2),(150, 55, 3),(200, 55, 4),(100, 55, 5),(20, 55, 6),(40, 55, 7),(130, 55, 11), --INGREDIENTES BASE 1-7 [cafe]
(200, 56, 1),(200, 56, 2),(150, 56, 3),(200, 56, 4),(100, 56, 5),(20, 56, 6),(40, 56, 7),(150, 56, 15), --INGREDIENTES BASE 1-7 [caramelo]
(800, 57, 1),(400, 57, 2),(600, 57, 3),(405, 57, 4),(300, 57, 5),(105, 57, 6),(300, 57, 7),(100, 57, 16), --INGREDIENTES BASE 1-7 [mani]
(1000, 58, 1),(900, 58, 2),(700, 58, 3),(500, 58, 4),(400, 58, 5),(200, 58, 6),(2500, 58, 7),(1000, 58, 17), --INGREDIENTES BASE 1-7 [frambuesa]
(1000, 59, 1),(900, 59, 2),(700, 59, 3),(500, 59, 4),(400, 59, 5),(200, 59, 6),(2500, 59, 7),(1000, 59, 18), --INGREDIENTES BASE 1-7 [almendra]
(1000, 60, 1),(900, 60, 2),(700, 60, 3),(500, 60, 4),(400, 60, 5),(200, 60, 6),(2500, 60, 7),(1000, 60, 19), --INGREDIENTES BASE 1-7 [arandano]

-- Mes 6
(50, 61, 1),(30, 61, 2),(50, 61, 3),(40, 61, 4),(20, 61, 5),(10, 61, 6),(20, 61, 7),(50, 61, 8), --INGREDIENTES BASE 1-7 [vainilla] UND
(100, 62, 1),(50, 62, 2),(70, 62, 3),(50, 62, 4),(40, 62, 5),(20, 62, 6),(25, 62, 7),(100, 62, 9), --INGREDIENTES BASE 1-7 [chocolate]
(80, 63, 1),(40, 63, 2),(60, 63, 3),(45, 63, 4),(30, 63, 5),(15, 63, 6),(30, 63, 7),(460, 63, 12), --INGREDIENTES BASE 1-7 [coco]
(40, 64, 1),(20, 64, 2),(25, 64, 3),(35, 64, 4),(25, 64, 5),(5, 64, 6),(15, 64, 7),(30, 64, 13), --INGREDIENTES BASE 1-7 [nuez]
(30, 65, 1),(20, 65, 2),(20, 65, 3),(25, 65, 4),(23, 65, 5),(4, 65, 6),(12, 65, 7),(40, 65, 14), --INGREDIENTES BASE 1-7 [mermelada]
(40, 66, 1),(30, 66, 2),(20, 66, 3),(35, 66, 4),(20, 66, 5),(5, 66, 6),(15, 66, 7),(13, 66, 10), --INGREDIENTES BASE 1-7 [canela] UND
(20, 67, 1),(20, 67, 2),(15, 67, 3),(20, 67, 4),(10, 67, 5),(2, 67, 6),(4, 67, 7),(13, 67, 11), --INGREDIENTES BASE 1-7 [cafe]
(20, 68, 1),(20, 68, 2),(15, 68, 3),(20, 68, 4),(10, 68, 5),(2, 68, 6),(4, 68, 7),(15, 68, 15), --INGREDIENTES BASE 1-7 [caramelo]
(80, 69, 1),(40, 69, 2),(60, 69, 3),(45, 69, 4),(30, 69, 5),(15, 69, 6),(30, 69, 7),(10, 69, 16), --INGREDIENTES BASE 1-7 [mani]
(1000, 70, 1),(500, 70, 2),(700, 70, 3),(500, 70, 4),(400, 70, 5),(200, 70, 6),(250, 70, 7),(500, 70, 17), --INGREDIENTES BASE 1-7 [frambuesa]
(1000, 71, 1),(500, 71, 2),(700, 71, 3),(500, 71, 4),(400, 71, 5),(200, 71, 6),(250, 71, 7),(500, 71, 18), --INGREDIENTES BASE 1-7 [almendra]
(1000, 72, 1),(500, 72, 2),(700, 72, 3),(500, 72, 4),(400, 72, 5),(200, 72, 6),(250, 72, 7),(500, 72, 19), --INGREDIENTES BASE 1-7 [arandano]

-- Mes 7
(50, 73, 1),(30, 73, 2),(50, 73, 3),(40, 73, 4),(20, 73, 5),(10, 73, 6),(20, 73, 7),(50, 73, 8), --INGREDIENTES BASE 1-7 [vainilla] UND
(100, 74, 1),(50, 74, 2),(70, 74, 3),(50, 74, 4),(40, 74, 5),(20, 74, 6),(25, 74, 7),(100, 74, 9), --INGREDIENTES BASE 1-7 [chocolate]
(80, 75, 1),(40, 75, 2),(60, 75, 3),(45, 75, 4),(30, 75, 5),(15, 75, 6),(30, 75, 7),(460, 75, 12), --INGREDIENTES BASE 1-7 [coco]
(40, 76, 1),(20, 76, 2),(25, 76, 3),(35, 76, 4),(25, 76, 5),(5, 76, 6),(15, 76, 7),(30, 76, 13), --INGREDIENTES BASE 1-7 [nuez]
(30, 77, 1),(20, 77, 2),(20, 77, 3),(25, 77, 4),(23, 77, 5),(4, 77, 6),(12, 77, 7),(40, 77, 14), --INGREDIENTES BASE 1-7 [mermelada]
(40, 78, 1),(30, 78, 2),(20, 78, 3),(35, 78, 4),(20, 78, 5),(5, 78, 6),(15, 78, 7),(13, 78, 10), --INGREDIENTES BASE 1-7 [canela] UND
(20, 79, 1),(20, 79, 2),(15, 79, 3),(20, 79, 4),(10, 79, 5),(2, 79, 6),(4, 79, 7),(13, 79, 11), --INGREDIENTES BASE 1-7 [cafe]
(20, 80, 1),(20, 80, 2),(15, 80, 3),(20, 80, 4),(10, 80, 5),(2, 80, 6),(4, 80, 7),(15, 80, 15), --INGREDIENTES BASE 1-7 [caramelo]
(80, 81, 1),(40, 81, 2),(60, 81, 3),(45, 81, 4),(30, 81, 5),(15, 81, 6),(30, 81, 7),(10, 81, 16), --INGREDIENTES BASE 1-7 [mani]
(500, 82, 1),(200, 82, 2),(200, 82, 3),(200, 82, 4),(200, 82, 5),(100, 82, 6),(150, 82, 7),(100, 82, 17), --INGREDIENTES BASE 1-7 [frambuesa]
(500, 83, 1),(200, 83, 2),(200, 83, 3),(200, 83, 4),(200, 83, 5),(100, 83, 6),(150, 83, 7),(100, 83, 18), --INGREDIENTES BASE 1-7 [almendra]
(500, 84, 1),(200, 84, 2),(200, 84, 3),(200, 84, 4),(200, 84, 5),(100, 84, 6),(150, 84, 7),(100, 84, 19), --INGREDIENTES BASE 1-7 [arandano]

-- Mes 8
(50, 85, 1),(30, 85, 2),(50, 85, 3),(40, 85, 4),(20, 85, 5),(10, 85, 6),(20, 85, 7),(50, 85, 8), --INGREDIENTES BASE 1-7 [vainilla] UND
(100, 86, 1),(50, 86, 2),(70, 86, 3),(50, 86, 4),(40, 86, 5),(20, 86, 6),(25, 86, 7),(100, 86, 9), --INGREDIENTES BASE 1-7 [chocolate]
(80, 87, 1),(40, 87, 2),(60, 87, 3),(45, 87, 4),(30, 87, 5),(15, 87, 6),(30, 87, 7),(460, 87, 12), --INGREDIENTES BASE 1-7 [coco]
(40, 88, 1),(20, 88, 2),(25, 88, 3),(35, 88, 4),(25, 88, 5),(5, 88, 6),(15, 88, 7),(30, 88, 13), --INGREDIENTES BASE 1-7 [nuez]
(30, 89, 1),(20, 89, 2),(20, 89, 3),(25, 89, 4),(23, 89, 5),(4, 89, 6),(12, 89, 7),(40, 89, 14), --INGREDIENTES BASE 1-7 [mermelada]
(40, 90, 1),(30, 90, 2),(20, 90, 3),(35, 90, 4),(20, 90, 5),(5, 90, 6),(15, 90, 7),(13, 90, 10), --INGREDIENTES BASE 1-7 [canela] UND
(20, 91, 1),(20, 91, 2),(15, 91, 3),(20, 91, 4),(10, 91, 5),(2, 91, 6),(4, 91, 7),(13, 91, 11), --INGREDIENTES BASE 1-7 [cafe]
(20, 92, 1),(20, 92, 2),(15, 92, 3),(20, 92, 4),(10, 92, 5),(2, 92, 6),(4, 92, 7),(15, 92, 15), --INGREDIENTES BASE 1-7 [caramelo]
(80, 93, 1),(40, 93, 2),(60, 93, 3),(45, 93, 4),(30, 93, 5),(15, 93, 6),(30, 93, 7),(10, 93, 16), --INGREDIENTES BASE 1-7 [mani]
(500, 94, 1),(200, 94, 2),(200, 94, 3),(200, 94, 4),(200, 94, 5),(100, 94, 6),(150, 94, 7),(100, 94, 17), --INGREDIENTES BASE 1-7 [frambuesa]
(500, 95, 1),(200, 95, 2),(200, 95, 3),(200, 95, 4),(200, 95, 5),(100, 95, 6),(150, 95, 7),(100, 95, 18), --INGREDIENTES BASE 1-7 [almendra]
(500, 96, 1),(200, 96, 2),(200, 96, 3),(200, 96, 4),(200, 96, 5),(100, 96, 6),(150, 96, 7),(100, 96, 19), --INGREDIENTES BASE 1-7 [arandano]


-- Mes 9
(50, 97, 1),(30, 97, 2),(50, 97, 3),(40, 97, 4),(20, 97, 5),(10, 97, 6),(20, 97, 7),(50, 97, 8), --INGREDIENTES BASE 1-7 [vainilla] UND
(100, 98, 1),(50, 98, 2),(70, 98, 3),(50, 98, 4),(40, 98, 5),(20, 98, 6),(25, 98, 7),(100, 98, 9), --INGREDIENTES BASE 1-7 [chocolate]
(80, 99, 1),(40, 99, 2),(60, 99, 3),(45, 99, 4),(30, 99, 5),(15, 99, 6),(30, 99, 7),(460, 99, 12), --INGREDIENTES BASE 1-7 [coco]
(40, 100, 1),(20, 100, 2),(25, 100, 3),(35, 100, 4),(25, 100, 5),(5, 100, 6),(15, 100, 7),(30, 100, 13), --INGREDIENTES BASE 1-7 [nuez]
(30, 101, 1),(20, 101, 2),(20, 101, 3),(25, 101, 4),(23, 101, 5),(4, 101, 6),(12, 101, 7),(40, 101, 14), --INGREDIENTES BASE 1-7 [mermelada]
(40, 102, 1),(30, 102, 2),(20, 102, 3),(35, 102, 4),(20, 102, 5),(5, 102, 6),(15, 102, 7),(13, 102, 10), --INGREDIENTES BASE 1-7 [canela] UND
(20, 103, 1),(20, 103, 2),(15, 103, 3),(20, 103, 4),(10, 103, 5),(2, 103, 6),(4, 103, 7),(13, 103, 11), --INGREDIENTES BASE 1-7 [cafe]
(20, 104, 1),(20, 104, 2),(15, 104, 3),(20, 104, 4),(10, 104, 5),(2, 104, 6),(4, 104, 7),(15, 104, 15), --INGREDIENTES BASE 1-7 [caramelo]
(80, 105, 1),(40, 105, 2),(60, 105, 3),(45, 105, 4),(30, 105, 5),(15, 105, 6),(30, 105, 7),(10, 105, 16), --INGREDIENTES BASE 1-7 [mani]
(500, 106, 1),(200, 106, 2),(200, 106, 3),(200, 106, 4),(200, 106, 5),(100, 106, 6),(150, 106, 7),(100, 106, 17), --INGREDIENTES BASE 1-7 [frambuesa]
(500, 107, 1),(200, 107, 2),(200, 107, 3),(200, 107, 4),(200, 107, 5),(100, 107, 6),(150, 107, 7),(100, 107, 18), --INGREDIENTES BASE 1-7 [almendra]
(500, 108, 1),(200, 108, 2),(200, 108, 3),(200, 108, 4),(200, 108, 5),(100, 108, 6),(150, 108, 7),(100, 108, 19), --INGREDIENTES BASE 1-7 [arandano]

-- Mes 10
(50, 109, 1),(30, 109, 2),(50, 109, 3),(40, 109, 4),(20, 109, 5),(10, 109, 6),(20, 109, 7),(50, 109, 8), --INGREDIENTES BASE 1-7 [vainilla] UND
(100, 110, 1),(50, 110, 2),(70, 110, 3),(50, 110, 4),(40, 110, 5),(20, 110, 6),(25, 110, 7),(100, 110, 9), --INGREDIENTES BASE 1-7 [chocolate]
(80, 111, 1),(40, 111, 2),(60, 111, 3),(45, 111, 4),(30, 111, 5),(15, 111, 6),(30, 111, 7),(460, 111, 12), --INGREDIENTES BASE 1-7 [coco]
(40, 112, 1),(20, 112, 2),(25, 112, 3),(35, 112, 4),(25, 112, 5),(5, 112, 6),(15, 112, 7),(30, 112, 13), --INGREDIENTES BASE 1-7 [nuez]
(30, 113, 1),(20, 113, 2),(20, 113, 3),(25, 113, 4),(23, 113, 5),(4, 113, 6),(12, 113, 7),(40, 113, 14), --INGREDIENTES BASE 1-7 [mermelada]
(40, 114, 1),(30, 114, 2),(20, 114, 3),(35, 114, 4),(20, 114, 5),(5, 114, 6),(15, 114, 7),(13, 114, 10), --INGREDIENTES BASE 1-7 [canela] UND
(20, 115, 1),(20, 115, 2),(15, 115, 3),(20, 115, 4),(10, 115, 5),(2, 115, 6),(4, 115, 7),(13, 115, 11), --INGREDIENTES BASE 1-7 [cafe]
(20, 116, 1),(20, 116, 2),(15, 116, 3),(20, 116, 4),(10, 116, 5),(2, 116, 6),(4, 116, 7),(15, 116, 15), --INGREDIENTES BASE 1-7 [caramelo]
(80, 117, 1),(40, 117, 2),(60, 117, 3),(45, 117, 4),(30, 117, 5),(15, 117, 6),(30, 117, 7),(10, 117, 16), --INGREDIENTES BASE 1-7 [mani]
(1000, 118, 1),(500, 118, 2),(700, 118, 3),(500, 118, 4),(400, 118, 5),(200, 118, 6),(250, 118, 7),(500, 118, 17), --INGREDIENTES BASE 1-7 [frambuesa]
(1000, 119, 1),(500, 119, 2),(700, 119, 3),(500, 119, 4),(400, 119, 5),(200, 119, 6),(250, 119, 7),(500, 119, 18), --INGREDIENTES BASE 1-7 [almendra]
(1000, 120, 1),(500, 120, 2),(700, 120, 3),(500, 120, 4),(400, 120, 5),(200, 120, 6),(250, 120, 7),(500, 120, 19), --INGREDIENTES BASE 1-7 [arandano]


-- Mes 11
(500, 121, 1),(300, 121, 2),(500, 121, 3),(400, 121, 4),(200, 121, 5),(100, 121, 6),(200, 121, 7),(500, 121, 8), --INGREDIENTES BASE 1-7 [vainilla] UND
(1000, 122, 1),(500, 122, 2),(700, 122, 3),(500, 122, 4),(400, 122, 5),(200, 122, 6),(250, 122, 7),(1000, 122, 9), --INGREDIENTES BASE 1-7 [chocolate]
(800, 123, 1),(400, 123, 2),(600, 123, 3),(450, 123, 4),(300, 123, 5),(150, 123, 6),(300, 123, 7),(960, 123, 12), --INGREDIENTES BASE 1-7 [coco]
(400, 124, 1),(200, 124, 2),(250, 124, 3),(350, 124, 4),(250, 124, 5),(50, 124, 6),(150, 124, 7),(300, 124, 13), --INGREDIENTES BASE 1-7 [nuez]
(300, 125, 1),(200, 125, 2),(200, 125, 3),(250, 125, 4),(230, 125, 5),(40, 125, 6),(120, 125, 7),(400, 125, 14), --INGREDIENTES BASE 1-7 [mermelada]
(400, 126, 1),(300, 126, 2),(200, 126, 3),(350, 126, 4),(200, 126, 5),(50, 126, 6),(150, 126, 7),(130, 126, 10), --INGREDIENTES BASE 1-7 [canela] UND
(200, 127, 1),(200, 127, 2),(150, 127, 3),(200, 127, 4),(100, 127, 5),(20, 127, 6),(40, 127, 7),(130, 127, 11), --INGREDIENTES BASE 1-7 [cafe]
(200, 128, 1),(200, 128, 2),(150, 128, 3),(200, 128, 4),(100, 128, 5),(20, 128, 6),(40, 128, 7),(150, 128, 15), --INGREDIENTES BASE 1-7 [caramelo]
(800, 129, 1),(400, 129, 2),(600, 129, 3),(450, 129, 4),(300, 129, 5),(150, 129, 6),(300, 129, 7),(100, 129, 16), --INGREDIENTES BASE 1-7 [mani]
(70000, 130, 1),(5000, 130, 2),(7000, 130, 3),(5000, 130, 4),(4000, 130, 5),(2000, 130, 6),(2500, 130, 7),(5000, 130, 17), --INGREDIENTES BASE 1-7 [frambuesa]
(70000, 131, 1),(5000, 131, 2),(7000, 131, 3),(5000, 131, 4),(4000, 131, 5),(2000, 131, 6),(2500, 131, 7),(5000, 131, 18), --INGREDIENTES BASE 1-7 [almendra]
(70000, 132, 1),(5000, 132, 2),(7000, 132, 3),(5000, 132, 4),(4000, 132, 5),(2000, 132, 6),(2500, 132, 7),(5000, 132, 19), --INGREDIENTES BASE 1-7 [arandano]

-- Mes 12
(400, 133, 1),(200, 133, 2),(400, 133, 3),(300, 133, 4),(100, 133, 5),(10, 133, 6),(100, 133, 7),(300, 133, 8), --INGREDIENTES BASE 1-7 [vainilla] UND
(5000, 134, 1),(400, 134, 2),(600, 134, 3),(400, 134, 4),(40, 134, 5),(20, 134, 6),(205, 134, 7),(800, 134, 9), --INGREDIENTES BASE 1-7 [chocolate]
(700, 135, 1),(300, 135, 2),(400, 135, 3),(405, 135, 4),(200, 135, 5),(15, 135, 6),(200, 135, 7),(560, 135, 12), --INGREDIENTES BASE 1-7 [coco]
(300, 136, 1),(100, 136, 2),(205, 136, 3),(305, 136, 4),(205, 136, 5),(5, 136, 6),(105, 136, 7),(100, 136, 13), --INGREDIENTES BASE 1-7 [nuez]
(200, 137, 1),(100, 137, 2),(100, 137, 3),(205, 137, 4),(203, 137, 5),(4, 137, 6),(102, 137, 7),(200, 137, 14), --INGREDIENTES BASE 1-7 [mermelada]
(4300, 138, 1),(200, 138, 2),(100, 138, 3),(305, 138, 4),(100, 138, 5),(5, 138, 6),(105, 138, 7),(103, 138, 10), --INGREDIENTES BASE 1-7 [canela] UND
(100, 139, 1),(100, 139, 2),(105, 139, 3),(100, 139, 4),(90, 139, 5),(2, 139, 6),(30, 139, 7),(103, 139, 11), --INGREDIENTES BASE 1-7 [cafe]
(100, 140, 1),(100, 140, 2),(105, 140, 3),(100, 140, 4),(90, 140, 5),(2, 140, 6),(30, 140, 7),(105, 140, 15), --INGREDIENTES BASE 1-7 [caramelo]
(700, 141, 1),(300, 141, 2),(500, 141, 3),(405, 141, 4),(200, 141, 5),(15, 141, 6),(200, 141, 7),(160, 141, 16), --INGREDIENTES BASE 1-7 [mani]
(5000, 142, 1),(3000, 142, 2),(5000, 142, 3),(3000, 142, 4),(3000, 142, 5),(1000, 142, 6),(250, 142, 7),(2000, 142, 17), --INGREDIENTES BASE 1-7 [frambuesa]
(5000, 143, 1),(3000, 143, 2),(5000, 143, 3),(3000, 143, 4),(3000, 143, 5),(1000, 143, 6),(250, 143, 7),(2000, 143, 18), --INGREDIENTES BASE 1-7 [almendra]
(5000, 144, 1),(3000, 144, 2),(5000, 144, 3),(3000, 144, 4),(3000, 144, 5),(1000, 144, 6),(250, 144, 7),(2000, 144, 19) --INGREDIENTES BASE 1-7 [arandano]


GO


DELETE FROM [dbo].[hproduccionMaterial]
WHERE hprmat_id in (27,26,25);

SELECT * FROM hproduccion
SELECT * FROM hproduccionMaterial
 SELECT
    m.mat_id AS Material_ID,
    m.mat_nombre AS Material,
    m.mat_cantidad AS Cantidad,
    m.mat_precioUnitario AS Precio_Unitario,
    um.unm_nombre AS Unidad_de_Medida
FROM
    [dbo].[material] m
INNER JOIN
    [dbo].[unidadMedida] um ON m.unm_id = um.unm_id;

SELECT * FROM hproduccionMaterial
TRUNCATE table [dbo].[hproduccionPersonal]
UPDATE hproduccionPersonal set hprper_horasProgramadas = 2 
-- Insert  'hproduccionPersonal'
--MES 01
INSERT INTO [dbo].[hproduccionPersonal] (hpr_id, per_id, hprper_horasProgramadas)
VALUES (1, 4, 3), (1, 5, 3), (1, 6, 3),(1, 7, 3),(1, 8, 3),(1, 9, 3),(1, 10, 3),(1, 11, 3),(1, 12, 3),(1, 13, 3),(1, 14, 3),(1, 15, 3),(1, 16, 3),(1, 17, 3),(1, 18, 3),(1, 19, 3),
		(2, 4, 3), (2, 5, 3), (2, 6, 3),(2, 7, 3),(2, 8, 3),(2, 9, 3),(2, 10, 3),(2, 11, 3),(2, 12, 3),(2, 13, 3),(2, 14, 3),(2, 15, 3),(2, 16, 3),(2, 17, 3),(2, 18, 3),(2, 19, 3),
		(3, 4, 3), (3, 5, 3), (3, 6, 3),(3, 7, 3),(3, 8, 3),(3, 9, 3),(3, 10, 3),(3, 11, 3),(3, 12, 3),(3, 13, 3),(3, 14, 3),(3, 15, 3),(3, 16, 3),(3, 17, 3),(3, 18, 3),(3, 19, 3),
		(4, 4, 3), (4, 5, 3), (4, 6, 3),(4, 7, 3),(4, 8, 3),(4, 9, 3),(4, 10, 3),(4, 11, 3),(4, 12, 3),(4, 13, 3),(4, 14, 3),(4, 15, 3),(4, 16, 3),(4, 17, 3),(4, 18, 3),(4, 19, 3),
		(5, 4, 3), (5, 5, 3), (5, 6, 3),(5, 7, 3),(5, 8, 3),(5, 9, 3),(5, 10, 3),(5, 11, 3),(5, 12, 3),(5, 13, 3),(5, 14, 3),(5, 15, 3),(5, 16, 3),(5, 17, 3),(5, 18, 3),(5, 19, 3),
		(6, 4, 3), (6, 5, 3), (6, 6, 3),(6, 7, 3),(6, 8, 3),(6, 9, 3),(6, 10, 3),(6, 11, 3),(6, 12, 3),(6, 13, 3),(6, 14, 3),(6, 15, 3),(6, 16, 3),(6, 17, 3),(6, 18, 3),(6, 19, 3),
		(7, 4, 3), (7, 5, 3), (7, 6, 3),(7, 7, 3),(7, 8, 3),(7, 9, 3),(7, 10, 3),(7, 11, 3),(7, 12, 3),(7, 13, 3),(7, 14, 3),(7, 15, 3),(7, 16, 3),(7, 17, 3),(7, 18, 3),(7, 19, 3),
		(8, 4, 3), (8, 5, 3), (8, 6, 3),(8, 7, 3),(8, 8, 3),(8, 9, 3),(8, 10, 3),(8, 11, 3),(8, 12, 3),(8, 13, 3),(8, 14, 3),(8, 15, 3),(8, 16, 3),(8, 17, 3),(8, 18, 3),(8, 19, 3),
		(9, 4, 3), (9, 5, 3), (9, 6, 3),(9, 7, 3),(9, 8, 3),(9, 9, 3),(9, 10, 3),(9, 11, 3),(9, 12, 3),(9, 13, 3),(9, 14, 3),(9, 15, 3),(9, 16, 3),(9, 17, 3),(9, 18, 3),(9, 19, 3),
		(10, 4, 3), (10, 5, 3), (10, 6, 3),(10, 7, 3),(10, 8, 3),(10, 9, 3),(10, 10, 3),(10, 11, 3),(10, 12, 3),(10, 13, 3),(10, 14, 3),(10, 15, 3),(10, 16, 3),(10, 17, 3),(10, 18, 3),(10, 19, 3),
		(11, 4, 3), (11, 5, 3), (11, 6, 3),(11, 7, 3),(11, 8, 3),(11, 9, 3),(11, 10, 3),(11, 11, 3),(11, 12, 3),(11, 13, 3),(11, 14, 3),(11, 15, 3),(11, 16, 3),(11, 17, 3),(11, 18, 3),(11, 19, 3),
		(12, 4, 3), (12, 5, 3), (12, 6, 3),(12, 7, 3),(12, 8, 3),(12, 9, 3),(12, 10, 3),(12, 11, 3),(12, 12, 3),(12, 13, 3),(12, 14, 3),(12, 15, 3),(12, 16, 3),(12, 17, 3),(12, 18, 3),(12, 19, 3)
GO

--MES 02
INSERT INTO [dbo].[hproduccionPersonal] (hpr_id, per_id, hprper_horasProgramadas)
VALUES (13, 4, 3), (13, 5, 3), (13, 6, 3), (13, 7, 3), (13, 8, 3), (13, 9, 3), (13, 10, 3), (13, 11, 3), (13, 12, 3), (13, 13, 3), (13, 14, 3), (13, 15, 3), (13, 16, 3), (13, 17, 3), (13, 18, 3), (13, 19, 3),
    (14, 4, 3), (14, 5, 3), (14, 6, 3), (14, 7, 3), (14, 8, 3), (14, 9, 3), (14, 10, 3), (14, 11, 3), (14, 12, 3), (14, 13, 3), (14, 14, 3), (14, 15, 3), (14, 16, 3), (14, 17, 3), (14, 18, 3), (14, 19, 3),
    (15, 4, 3), (15, 5, 3), (15, 6, 3), (15, 7, 3), (15, 8, 3), (15, 9, 3), (15, 10, 3), (15, 11, 3), (15, 12, 3), (15, 13, 3), (15, 14, 3), (15, 15, 3), (15, 16, 3), (15, 17, 3), (15, 18, 3), (15, 19, 3),
    (16, 4, 3), (16, 5, 3), (16, 6, 3), (16, 7, 3), (16, 8, 3), (16, 9, 3), (16, 10, 3), (16, 11, 3), (16, 12, 3), (16, 13, 3), (16, 14, 3), (16, 15, 3), (16, 16, 3), (16, 17, 3), (16, 18, 3), (16, 19, 3),
    (17, 4, 3), (17, 5, 3), (17, 6, 3), (17, 7, 3), (17, 8, 3), (17, 9, 3), (17, 10, 3), (17, 11, 3), (17, 12, 3), (17, 13, 3), (17, 14, 3), (17, 15, 3), (17, 16, 3), (17, 17, 3), (17, 18, 3), (17, 19, 3),
    (18, 4, 3), (18, 5, 3), (18, 6, 3), (18, 7, 3), (18, 8, 3), (18, 9, 3), (18, 10, 3), (18, 11, 3), (18, 12, 3), (18, 13, 3), (18, 14, 3), (18, 15, 3), (18, 16, 3), (18, 17, 3), (18, 18, 3), (18, 19, 3),
    (19, 4, 3), (19, 5, 3), (19, 6, 3), (19, 7, 3), (19, 8, 3), (19, 9, 3), (19, 10, 3), (19, 11, 3), (19, 12, 3), (19, 13, 3), (19, 14, 3), (19, 15, 3), (19, 16, 3), (19, 17, 3), (19, 18, 3), (19, 19, 3),
    (20, 4, 3), (20, 5, 3), (20, 6, 3), (20, 7, 3), (20, 8, 3), (20, 9, 3), (20, 10, 3), (20, 11, 3), (20, 12, 3), (20, 13, 3), (20, 14, 3), (20, 15, 3), (20, 16, 3), (20, 17, 3), (20, 18, 3), (20, 19, 3),
    (21, 4, 3), (21, 5, 3), (21, 6, 3), (21, 7, 3), (21, 8, 3), (21, 9, 3), (21, 10, 3), (21, 11, 3), (21, 12, 3), (21, 13, 3), (21, 14, 3), (21, 15, 3), (21, 16, 3), (21, 17, 3), (21, 18, 3), (21, 19, 3),
    (22, 4, 3), (22, 5, 3), (22, 6, 3), (22, 7, 3), (22, 8, 3), (22, 9, 3), (22, 10, 3), (22, 11, 3), (22, 12, 3), (22, 13, 3), (22, 14, 3), (22, 15, 3), (22, 16, 3), (22, 17, 3), (22, 18, 3), (22, 19, 3),
    (23, 4, 3), (23, 5, 3), (23, 6, 3), (23, 7, 3), (23, 8, 3), (23, 9, 3), (23, 10, 3), (23, 11, 3), (23, 12, 3), (23, 13, 3), (23, 14, 3), (23, 15, 3), (23, 16, 3), (23, 17, 3), (23, 18, 3), (23, 19, 3),
    (24, 4, 3), (24, 5, 3), (24, 6, 3), (24, 7, 3), (24, 8, 3), (24, 9, 3), (24, 10, 3), (24, 11, 3), (24, 12, 3), (24, 13, 3), (24, 14, 3), (24, 15, 3), (24, 16, 3), (24, 17, 3), (24, 18, 3), (24, 19, 3);
GO

-- MES 03
INSERT INTO [dbo].[hproduccionPersonal] (hpr_id, per_id, hprper_horasProgramadas)
VALUES 
    (25, 4, 3), (25, 5, 3), (25, 6, 3), (25, 7, 3), (25, 8, 3), (25, 9, 3), (25, 10, 3), (25, 11, 3), (25, 12, 3), (25, 13, 3), (25, 14, 3), (25, 15, 3), (25, 16, 3), (25, 17, 3), (25, 18, 3), (25, 19, 3),
    (26, 4, 3), (26, 5, 3), (26, 6, 3), (26, 7, 3), (26, 8, 3), (26, 9, 3), (26, 10, 3), (26, 11, 3), (26, 12, 3), (26, 13, 3), (26, 14, 3), (26, 15, 3), (26, 16, 3), (26, 17, 3), (26, 18, 3), (26, 19, 3),
    (27, 4, 3), (27, 5, 3), (27, 6, 3), (27, 7, 3), (27, 8, 3), (27, 9, 3), (27, 10, 3), (27, 11, 3), (27, 12, 3), (27, 13, 3), (27, 14, 3), (27, 15, 3), (27, 16, 3), (27, 17, 3), (27, 18, 3), (27, 19, 3),
    (28, 4, 3), (28, 5, 3), (28, 6, 3), (28, 7, 3), (28, 8, 3), (28, 9, 3), (28, 10, 3), (28, 11, 3), (28, 12, 3), (28, 13, 3), (28, 14, 3), (28, 15, 3), (28, 16, 3), (28, 17, 3), (28, 18, 3), (28, 19, 3),
    (29, 4, 3), (29, 5, 3), (29, 6, 3), (29, 7, 3), (29, 8, 3), (29, 9, 3), (29, 10, 3), (29, 11, 3), (29, 12, 3), (29, 13, 3), (29, 14, 3), (29, 15, 3), (29, 16, 3), (29, 17, 3), (29, 18, 3), (29, 19, 3),
    (30, 4, 3), (30, 5, 3), (30, 6, 3), (30, 7, 3), (30, 8, 3), (30, 9, 3), (30, 10, 3), (30, 11, 3), (30, 12, 3), (30, 13, 3), (30, 14, 3), (30, 15, 3), (30, 16, 3), (30, 17, 3), (30, 18, 3), (30, 19, 3),
    (31, 4, 3), (31, 5, 3), (31, 6, 3), (31, 7, 3), (31, 8, 3), (31, 9, 3), (31, 10, 3), (31, 11, 3), (31, 12, 3), (31, 13, 3), (31, 14, 3), (31, 15, 3), (31, 16, 3), (31, 17, 3), (31, 18, 3), (31, 19, 3),
    (32, 4, 3), (32, 5, 3), (32, 6, 3), (32, 7, 3), (32, 8, 3), (32, 9, 3), (32, 10, 3), (32, 11, 3), (32, 12, 3), (32, 13, 3), (32, 14, 3), (32, 15, 3), (32, 16, 3), (32, 17, 3), (32, 18, 3), (32, 19, 3),
    (33, 4, 3), (33, 5, 3), (33, 6, 3), (33, 7, 3), (33, 8, 3), (33, 9, 3), (33, 10, 3), (33, 11, 3), (33, 12, 3), (33, 13, 3), (33, 14, 3), (33, 15, 3), (33, 16, 3), (33, 17, 3), (33, 18, 3), (33, 19, 3),
    (34, 4, 4), (34, 5, 4), (34, 6, 4), (34, 7, 4), (34, 8, 4), (34, 9, 4), (34, 10, 4), (34, 11, 4), (34, 12, 4), (34, 13, 4), (34, 14, 4), (34, 15, 4), (34, 16, 4), (34, 17, 4), (34, 18, 4), (34, 19, 4),
    (35, 4, 4), (35, 5, 4), (35, 6, 4), (35, 7, 4), (35, 8, 4), (35, 9, 4), (35, 10, 4), (35, 11, 4), (35, 12, 4), (35, 13, 4), (35, 14, 4), (35, 15, 4), (35, 16, 4), (35, 17, 4), (35, 18, 4), (35, 19, 4),
    (36, 4, 4), (36, 5, 4), (36, 6, 4), (36, 7, 4), (36, 8, 4), (36, 9, 4), (36, 10, 4), (36, 11, 4), (36, 12, 4), (36, 13, 4), (36, 14, 4), (36, 15, 4), (36, 16, 4), (36, 17, 4), (36, 18, 4), (36, 19, 4);
GO
 



-- MES 04-12

INSERT INTO [dbo].[hproduccionPersonal] (hpr_id, per_id, hprper_horasProgramadas)
VALUES 
----4
	(37, 4, 3), (37, 5, 3), (37, 6, 3), (37, 7, 3), (37, 8, 3), (37, 9, 3), (37, 10, 3), (37, 11, 3), (37, 12, 3), (37, 13, 3), (37, 14, 3), (37, 15, 3), (37, 16, 3), (37, 17, 3), (37, 18, 3), (37, 19, 3),
    (38, 4, 3), (38, 5, 3), (38, 6, 3), (38, 7, 3), (38, 8, 3), (38, 9, 3), (38, 10, 3), (38, 11, 3), (38, 12, 3), (38, 13, 3), (38, 14, 3), (38, 15, 3), (38, 16, 3), (38, 17, 3), (38, 18, 3), (38, 19, 3),
    (39, 4, 3), (39, 5, 3), (39, 6, 3), (39, 7, 3), (39, 8, 3), (39, 9, 3), (39, 10, 3), (39, 11, 3), (39, 12, 3), (39, 13, 3), (39, 14, 3), (39, 15, 3), (39, 16, 3), (39, 17, 3), (39, 18, 3), (39, 19, 3),
    (40, 4, 3), (40, 5, 3), (40, 6, 3), (40, 7, 3), (40, 8, 3), (40, 9, 3), (40, 10, 3), (40, 11, 3), (40, 12, 3), (40, 13, 3), (40, 14, 3), (40, 15, 3), (40, 16, 3), (40, 17, 3), (40, 18, 3), (40, 19, 3),
    (41, 4, 3), (41, 5, 3), (41, 6, 3), (41, 7, 3), (41, 8, 3), (41, 9, 3), (41, 10, 3), (41, 11, 3), (41, 12, 3), (41, 13, 3), (41, 14, 3), (41, 15, 3), (41, 16, 3), (41, 17, 3), (41, 18, 3), (41, 19, 3),
    (42, 4, 3), (42, 5, 3), (42, 6, 3), (42, 7, 3), (42, 8, 3), (42, 9, 3), (42, 10, 3), (42, 11, 3), (42, 12, 3), (42, 13, 3), (42, 14, 3), (42, 15, 3), (42, 16, 3), (42, 17, 3), (42, 18, 3), (42, 19, 3),
    (43, 4, 3), (43, 5, 3), (43, 6, 3), (43, 7, 3), (43, 8, 3), (43, 9, 3), (43, 10, 3), (43, 11, 3), (43, 12, 3), (43, 13, 3), (43, 14, 3), (43, 15, 3), (43, 16, 3), (43, 17, 3), (43, 18, 3), (43, 19, 3),
    (44, 4, 3), (44, 5, 3), (44, 6, 3), (44, 7, 3), (44, 8, 3), (44, 9, 3), (44, 10, 3), (44, 11, 3), (44, 12, 3), (44, 13, 3), (44, 14, 3), (44, 15, 3), (44, 16, 3), (44, 17, 3), (44, 18, 3), (44, 19, 3),
    (45, 4, 3), (45, 5, 3), (45, 6, 3), (45, 7, 3), (45, 8, 3), (45, 9, 3), (45, 10, 3), (45, 11, 3), (45, 12, 3), (45, 13, 3), (45, 14, 3), (45, 15, 3), (45, 16, 3), (45, 17, 3), (45, 18, 3), (45, 19, 3),
    (46, 4, 3), (46, 5, 3), (46, 6, 3), (46, 7, 3), (46, 8, 3), (46, 9, 3), (46, 10, 3), (46, 11, 3), (46, 12, 3), (46, 13, 3), (46, 14, 3), (46, 15, 3), (46, 16, 3), (46, 17, 3), (46, 18, 3), (46, 19, 3),
    (47, 4, 3), (47, 5, 3), (47, 6, 3), (47, 7, 3), (47, 8, 3), (47, 9, 3), (47, 10, 3), (47, 11, 3), (47, 12, 3), (47, 13, 3), (47, 14, 3), (47, 15, 3), (47, 16, 3), (47, 17, 3), (47, 18, 3), (47, 19, 3),
    (48, 4, 3), (48, 5, 3), (48, 6, 3), (48, 7, 3), (48, 8, 3), (48, 9, 3), (48, 10, 3), (48, 11, 3), (48, 12, 3), (48, 13, 3), (48, 14, 3), (48, 15, 3), (48, 16, 3), (48, 17, 3), (48, 18, 3), (48, 19, 3),
--5
	(49, 4, 3), (49, 5, 3), (49, 6, 3), (49, 7, 3), (49, 8, 3), (49, 9, 3), (49, 10, 3), (49, 11, 3), (49, 12, 3), (49, 13, 3), (49, 14, 3), (49, 15, 3), (49, 16, 3), (49, 17, 3), (49, 18, 3), (49, 19, 3),
    (50, 4, 3), (50, 5, 3), (50, 6, 3), (50, 7, 3), (50, 8, 3), (50, 9, 3), (50, 10, 3), (50, 11, 3), (50, 12, 3), (50, 13, 3), (50, 14, 3), (50, 15, 3), (50, 16, 3), (50, 17, 3), (50, 18, 3), (50, 19, 3),
    (51, 4, 3), (51, 5, 3), (51, 6, 3), (51, 7, 3), (51, 8, 3), (51, 9, 3), (51, 10, 3), (51, 11, 3), (51, 12, 3), (51, 13, 3), (51, 14, 3), (51, 15, 3), (51, 16, 3), (51, 17, 3), (51, 18, 3), (51, 19, 3),
    (52, 4, 3), (52, 5, 3), (52, 6, 3), (52, 7, 3), (52, 8, 3), (52, 9, 3), (52, 10, 3), (52, 11, 3), (52, 12, 3), (52, 13, 3), (52, 14, 3), (52, 15, 3), (52, 16, 3), (52, 17, 3), (52, 18, 3), (52, 19, 3),
    (53, 4, 3), (53, 5, 3), (53, 6, 3), (53, 7, 3), (53, 8, 3), (53, 9, 3), (53, 10, 3), (53, 11, 3), (53, 12, 3), (53, 13, 3), (53, 14, 3), (53, 15, 3), (53, 16, 3), (53, 17, 3), (53, 18, 3), (53, 19, 3),
    (54, 4, 3), (54, 5, 3), (54, 6, 3), (54, 7, 3), (54, 8, 3), (54, 9, 3), (54, 10, 3), (54, 11, 3), (54, 12, 3), (54, 13, 3), (54, 14, 3), (54, 15, 3), (54, 16, 3), (54, 17, 3), (54, 18, 3), (54, 19, 3),
    (55, 4, 3), (55, 5, 3), (55, 6, 3), (55, 7, 3), (55, 8, 3), (55, 9, 3), (55, 10, 3), (55, 11, 3), (55, 12, 3), (55, 13, 3), (55, 14, 3), (55, 15, 3), (55, 16, 3), (55, 17, 3), (55, 18, 3), (55, 19, 3),
    (56, 4, 3), (56, 5, 3), (56, 6, 3), (56, 7, 3), (56, 8, 3), (56, 9, 3), (56, 10, 3), (56, 11, 3), (56, 12, 3), (56, 13, 3), (56, 14, 3), (56, 15, 3), (56, 16, 3), (56, 17, 3), (56, 18, 3), (56, 19, 3),
    (57, 4, 3), (57, 5, 3), (57, 6, 3), (57, 7, 3), (57, 8, 3), (57, 9, 3), (57, 10, 3), (57, 11, 3), (57, 12, 3), (57, 13, 3), (57, 14, 3), (57, 15, 3), (57, 16, 3), (57, 17, 3), (57, 18, 3), (57, 19, 3),
    (58, 4, 3), (58, 5, 3), (58, 6, 3), (58, 7, 3), (58, 8, 3), (58, 9, 3), (58, 10, 3), (58, 11, 3), (58, 12, 3), (58, 13, 3), (58, 14, 3), (58, 15, 3), (58, 16, 3), (58, 17, 3), (58, 18, 3), (58, 19, 3),
    (59, 4, 3), (59, 5, 3), (59, 6, 3), (59, 7, 3), (59, 8, 3), (59, 9, 3), (59, 10, 3), (59, 11, 3), (59, 12, 3), (59, 13, 3), (59, 14, 3), (59, 15, 3), (59, 16, 3), (59, 17, 3), (59, 18, 3), (59, 19, 3),
    (60, 4, 3), (60, 5, 3), (60, 6, 3), (60, 7, 3), (60, 8, 3), (60, 9, 3), (60, 10, 3), (60, 11, 3), (60, 12, 3), (60, 13, 3), (60, 14, 3), (60, 15, 3), (60, 16, 3), (60, 17, 3), (60, 18, 3), (60, 19, 3),
--6
	(61, 4, 3), (61, 5, 3), (61, 6, 3), (61, 7, 3), (61, 8, 3), (61, 9, 3), (61, 10, 3), (61, 11, 3), (61, 12, 3), (61, 13, 3), (61, 14, 3), (61, 15, 3), (61, 16, 3), (61, 17, 3), (61, 18, 3), (61, 19, 3),
    (62, 4, 3), (62, 5, 3), (62, 6, 3), (62, 7, 3), (62, 8, 3), (62, 9, 3), (62, 10, 3), (62, 11, 3), (62, 12, 3), (62, 13, 3), (62, 14, 3), (62, 15, 3), (62, 16, 3), (62, 17, 3), (62, 18, 3), (62, 19, 3),
    (63, 4, 3), (63, 5, 3), (63, 6, 3), (63, 7, 3), (63, 8, 3), (63, 9, 3), (63, 10, 3), (63, 11, 3), (63, 12, 3), (63, 13, 3), (63, 14, 3), (63, 15, 3), (63, 16, 3), (63, 17, 3), (63, 18, 3), (63, 19, 3),
    (64, 4, 3), (64, 5, 3), (64, 6, 3), (64, 7, 3), (64, 8, 3), (64, 9, 3), (64, 10, 3), (64, 11, 3), (64, 12, 3), (64, 13, 3), (64, 14, 3), (64, 15, 3), (64, 16, 3), (64, 17, 3), (64, 18, 3), (64, 19, 3),
    (65, 4, 3), (65, 5, 3), (65, 6, 3), (65, 7, 3), (65, 8, 3), (65, 9, 3), (65, 10, 3), (65, 11, 3), (65, 12, 3), (65, 13, 3), (65, 14, 3), (65, 15, 3), (65, 16, 3), (65, 17, 3), (65, 18, 3), (65, 19, 3),
    (66, 4, 3), (66, 5, 3), (66, 6, 3), (66, 7, 3), (66, 8, 3), (66, 9, 3), (66, 10, 3), (66, 11, 3), (66, 12, 3), (66, 13, 3), (66, 14, 3), (66, 15, 3), (66, 16, 3), (66, 17, 3), (66, 18, 3), (66, 19, 3),
    (67, 4, 3), (67, 5, 3), (67, 6, 3), (67, 7, 3), (67, 8, 3), (67, 9, 3), (67, 10, 3), (67, 11, 3), (67, 12, 3), (67, 13, 3), (67, 14, 3), (67, 15, 3), (67, 16, 3), (67, 17, 3), (67, 18, 3), (67, 19, 3),
    (68, 4, 3), (68, 5, 3), (68, 6, 3), (68, 7, 3), (68, 8, 3), (68, 9, 3), (68, 10, 3), (68, 11, 3), (68, 12, 3), (68, 13, 3), (68, 14, 3), (68, 15, 3), (68, 16, 3), (68, 17, 3), (68, 18, 3), (68, 19, 3),
    (69, 4, 3), (69, 5, 3), (69, 6, 3), (69, 7, 3), (69, 8, 3), (69, 9, 3), (69, 10, 3), (69, 11, 3), (69, 12, 3), (69, 13, 3), (69, 14, 3), (69, 15, 3), (69, 16, 3), (69, 17, 3), (69, 18, 3), (69, 19, 3),
    (70, 4, 3), (70, 5, 3), (70, 6, 3), (70, 7, 3), (70, 8, 3), (70, 9, 3), (70, 10, 3), (70, 11, 3), (70, 12, 3), (70, 13, 3), (70, 14, 3), (70, 15, 3), (70, 16, 3), (70, 17, 3), (70, 18, 3), (70, 19, 3),
    (71, 4, 3), (71, 5, 3), (71, 6, 3), (71, 7, 3), (71, 8, 3), (71, 9, 3), (71, 10, 3), (71, 11, 3), (71, 12, 3), (71, 13, 3), (71, 14, 3), (71, 15, 3), (71, 16, 3), (71, 17, 3), (71, 18, 3), (71, 19, 3),
    (72, 4, 3), (72, 5, 3), (72, 6, 3), (72, 7, 3), (72, 8, 3), (72, 9, 3), (72, 10, 3), (72, 11, 3), (72, 12, 3), (72, 13, 3), (72, 14, 3), (72, 15, 3), (72, 16, 3), (72, 17, 3), (72, 18, 3), (72, 19, 3)
GO

INSERT INTO [dbo].[hproduccionPersonal] (hpr_id, per_id, hprper_horasProgramadas)
VALUES 

	(73, 4, 3), (73, 5, 3), (73, 6, 3), (73, 7, 3), (73, 8, 3), (73, 9, 3), (73, 10, 3), (73, 11, 3), (73, 12, 3), (73, 13, 3), (73, 14, 3), (73, 15, 3), (73, 16, 3), (73, 17, 3), (73, 18, 3), (73, 19, 3),
    (74, 4, 3), (74, 5, 3), (74, 6, 3), (74, 7, 3), (74, 8, 3), (74, 9, 3), (74, 10, 3), (74, 11, 3), (74, 12, 3), (74, 13, 3), (74, 14, 3), (74, 15, 3), (74, 16, 3), (74, 17, 3), (74, 18, 3), (74, 19, 3),
    (75, 4, 3), (75, 5, 3), (75, 6, 3), (75, 7, 3), (75, 8, 3), (75, 9, 3), (75, 10, 3), (75, 11, 3), (75, 12, 3), (75, 13, 3), (75, 14, 3), (75, 15, 3), (75, 16, 3), (75, 17, 3), (75, 18, 3), (75, 19, 3),
    (76, 4, 3), (76, 5, 3), (76, 6, 3), (76, 7, 3), (76, 8, 3), (76, 9, 3), (76, 10, 3), (76, 11, 3), (76, 12, 3), (76, 13, 3), (76, 14, 3), (76, 15, 3), (76, 16, 3), (76, 17, 3), (76, 18, 3), (76, 19, 3),
    (77, 4, 3), (77, 5, 3), (77, 6, 3), (77, 7, 3), (77, 8, 3), (77, 9, 3), (77, 10, 3), (77, 11, 3), (77, 12, 3), (77, 13, 3), (77, 14, 3), (77, 15, 3), (77, 16, 3), (77, 17, 3), (77, 18, 3), (77, 19, 3),
    (78, 4, 3), (78, 5, 3), (78, 6, 3), (78, 7, 3), (78, 8, 3), (78, 9, 3), (78, 10, 3), (78, 11, 3), (78, 12, 3), (78, 13, 3), (78, 14, 3), (78, 15, 3), (78, 16, 3), (78, 17, 3), (78, 18, 3), (78, 19, 3),
    (79, 4, 3), (79, 5, 3), (79, 6, 3), (79, 7, 3), (79, 8, 3), (79, 9, 3), (79, 10, 3), (79, 11, 3), (79, 12, 3), (79, 13, 3), (79, 14, 3), (79, 15, 3), (79, 16, 3), (79, 17, 3), (79, 18, 3), (79, 19, 3),
    (80, 4, 3), (80, 5, 3), (80, 6, 3), (80, 7, 3), (80, 8, 3), (80, 9, 3), (80, 10, 3), (80, 11, 3), (80, 12, 3), (80, 13, 3), (80, 14, 3), (80, 15, 3), (80, 16, 3), (80, 17, 3), (80, 18, 3), (80, 19, 3),
    (81, 4, 3), (81, 5, 3), (81, 6, 3), (81, 7, 3), (81, 8, 3), (81, 9, 3), (81, 10, 3), (81, 11, 3), (81, 12, 3), (81, 13, 3), (81, 14, 3), (81, 15, 3), (81, 16, 3), (81, 17, 3), (81, 18, 3), (81, 19, 3),
    (82, 4, 3), (82, 5, 3), (82, 6, 3), (82, 7, 3), (82, 8, 3), (82, 9, 3), (82, 10, 3), (82, 11, 3), (82, 12, 3), (82, 13, 3), (82, 14, 3), (82, 15, 3), (82, 16, 3), (82, 17, 3), (82, 18, 3), (82, 19, 3),
    (83, 4, 3), (83, 5, 3), (83, 6, 3), (83, 7, 3), (83, 8, 3), (83, 9, 3), (83, 10, 3), (83, 11, 3), (83, 12, 3), (83, 13, 3), (83, 14, 3), (83, 15, 3), (83, 16, 3), (83, 17, 3), (83, 18, 3), (83, 19, 3),
    (84, 4, 3), (84, 5, 3), (84, 6, 3), (84, 7, 3), (84, 8, 3), (84, 9, 3), (84, 10, 3), (84, 11, 3), (84, 12, 3), (84, 13, 3), (84, 14, 3), (84, 15, 3), (84, 16, 3), (84, 17, 3), (84, 18, 3), (84, 19, 3),
--8
	(85, 4, 3), (85, 5, 3), (85, 6, 3), (85, 7, 3), (85, 8, 3), (85, 9, 3), (85, 10, 3), (85, 11, 3), (85, 12, 3), (85, 13, 3), (85, 14, 3), (85, 15, 3), (85, 16, 3), (85, 17, 3), (85, 18, 3), (85, 19, 3),
    (86, 4, 3), (86, 5, 3), (86, 6, 3), (86, 7, 3), (86, 8, 3), (86, 9, 3), (86, 10, 3), (86, 11, 3), (86, 12, 3), (86, 13, 3), (86, 14, 3), (86, 15, 3), (86, 16, 3), (86, 17, 3), (86, 18, 3), (86, 19, 3),
    (87, 4, 3), (87, 5, 3), (87, 6, 3), (87, 7, 3), (87, 8, 3), (87, 9, 3), (87, 10, 3), (87, 11, 3), (87, 12, 3), (87, 13, 3), (87, 14, 3), (87, 15, 3), (87, 16, 3), (87, 17, 3), (87, 18, 3), (87, 19, 3),
    (88, 4, 3), (88, 5, 3), (88, 6, 3), (88, 7, 3), (88, 8, 3), (88, 9, 3), (88, 10, 3), (88, 11, 3), (88, 12, 3), (88, 13, 3), (88, 14, 3), (88, 15, 3), (88, 16, 3), (88, 17, 3), (88, 18, 3), (88, 19, 3),
    (89, 4, 3), (89, 5, 3), (89, 6, 3), (89, 7, 3), (89, 8, 3), (89, 9, 3), (89, 10, 3), (89, 11, 3), (89, 12, 3), (89, 13, 3), (89, 14, 3), (89, 15, 3), (89, 16, 3), (89, 17, 3), (89, 18, 3), (89, 19, 3),
    (90, 4, 3), (90, 5, 3), (90, 6, 3), (90, 7, 3), (90, 8, 3), (90, 9, 3), (90, 10, 3), (90, 11, 3), (90, 12, 3), (90, 13, 3), (90, 14, 3), (90, 15, 3), (90, 16, 3), (90, 17, 3), (90, 18, 3), (90, 19, 3),
    (91, 4, 3), (91, 5, 3), (91, 6, 3), (91, 7, 3), (91, 8, 3), (91, 9, 3), (91, 10, 3), (91, 11, 3), (91, 12, 3), (91, 13, 3), (91, 14, 3), (91, 15, 3), (91, 16, 3), (91, 17, 3), (91, 18, 3), (91, 19, 3),
    (92, 4, 3), (92, 5, 3), (92, 6, 3), (92, 7, 3), (92, 8, 3), (92, 9, 3), (92, 10, 3), (92, 11, 3), (92, 12, 3), (92, 13, 3), (92, 14, 3), (92, 15, 3), (92, 16, 3), (92, 17, 3), (92, 18, 3), (92, 19, 3),
    (93, 4, 3), (93, 5, 3), (93, 6, 3), (93, 7, 3), (93, 8, 3), (93, 9, 3), (93, 10, 3), (93, 11, 3), (93, 12, 3), (93, 13, 3), (93, 14, 3), (93, 15, 3), (93, 16, 3), (93, 17, 3), (93, 18, 3), (93, 19, 3),
    (94, 4, 3), (94, 5, 3), (94, 6, 3), (94, 7, 3), (94, 8, 3), (94, 9, 3), (94, 10, 3), (94, 11, 3), (94, 12, 3), (94, 13, 3), (94, 14, 3), (94, 15, 3), (94, 16, 3), (94, 17, 3), (94, 18, 3), (94, 19, 3),
    (95, 4, 3), (95, 5, 3), (95, 6, 3), (95, 7, 3), (95, 8, 3), (95, 9, 3), (95, 10, 3), (95, 11, 3), (95, 12, 3), (95, 13, 3), (95, 14, 3), (95, 15, 3), (95, 16, 3), (95, 17, 3), (95, 18, 3), (95, 19, 3),
    (96, 4, 3), (96, 5, 3), (96, 6, 3), (96, 7, 3), (96, 8, 3), (96, 9, 3), (96, 10, 3), (96, 11, 3), (96, 12, 3), (96, 13, 3), (96, 14, 3), (96, 15, 3), (96, 16, 3), (96, 17, 3), (96, 18, 3), (96, 19, 3)

GO

INSERT INTO [dbo].[hproduccionPersonal] (hpr_id, per_id, hprper_horasProgramadas)
VALUES 
--9
	(97, 4, 3), (97, 5, 3), (97, 6, 3), (97, 7, 3), (97, 8, 3), (97, 9, 3), (97, 10, 3), (97, 11, 3), (97, 12, 3), (97, 13, 3), (97, 14, 3), (97, 15, 3), (97, 16, 3), (97, 17, 3), (97, 18, 3), (97, 19, 3),
    (98, 4, 3), (98, 5, 3), (98, 6, 3), (98, 7, 3), (98, 8, 3), (98, 9, 3), (98, 10, 3), (98, 11, 3), (98, 12, 3), (98, 13, 3), (98, 14, 3), (98, 15, 3), (98, 16, 3), (98, 17, 3), (98, 18, 3), (98, 19, 3),
    (99, 4, 3), (99, 5, 3), (99, 6, 3), (99, 7, 3), (99, 8, 3), (99, 9, 3), (99, 10, 3), (99, 11, 3), (99, 12, 3), (99, 13, 3), (99, 14, 3), (99, 15, 3), (99, 16, 3), (99, 17, 3), (99, 18, 3), (99, 19, 3),
    (100, 4, 3), (100, 5, 3), (100, 6, 3), (100, 7, 3), (100, 8, 3), (100, 9, 3), (100, 10, 3), (100, 11, 3), (100, 12, 3), (100, 13, 3), (100, 14, 3), (100, 15, 3), (100, 16, 3), (100, 17, 3), (100, 18, 3), (100, 19, 3),
    (101, 4, 3), (101, 5, 3), (101, 6, 3), (101, 7, 3), (101, 8, 3), (101, 9, 3), (101, 10, 3), (101, 11, 3), (101, 12, 3), (101, 13, 3), (101, 14, 3), (101, 15, 3), (101, 16, 3), (101, 17, 3), (101, 18, 3), (101, 19, 3),
    (102, 4, 3), (102, 5, 3), (102, 6, 3), (102, 7, 3), (102, 8, 3), (102, 9, 3), (102, 10, 3), (102, 11, 3), (102, 12, 3), (102, 13, 3), (102, 14, 3), (102, 15, 3), (102, 16, 3), (102, 17, 3), (102, 18, 3), (102, 19, 3),
    (103, 4, 3), (103, 5, 3), (103, 6, 3), (103, 7, 3), (103, 8, 3), (103, 9, 3), (103, 10, 3), (103, 11, 3), (103, 12, 3), (103, 13, 3), (103, 14, 3), (103, 15, 3), (103, 16, 3), (103, 17, 3), (103, 18, 3), (103, 19, 3),
    (104, 4, 3), (104, 5, 3), (104, 6, 3), (104, 7, 3), (104, 8, 3), (104, 9, 3), (104, 10, 3), (104, 11, 3), (104, 12, 3), (104, 13, 3), (104, 14, 3), (104, 15, 3), (104, 16, 3), (104, 17, 3), (104, 18, 3), (104, 19, 3),
    (105, 4, 3), (105, 5, 3), (105, 6, 3), (105, 7, 3), (105, 8, 3), (105, 9, 3), (105, 10, 3), (105, 11, 3), (105, 12, 3), (105, 13, 3), (105, 14, 3), (105, 15, 3), (105, 16, 3), (105, 17, 3), (105, 18, 3), (105, 19, 3),
    (106, 4, 3), (106, 5, 3), (106, 6, 3), (106, 7, 3), (106, 8, 3), (106, 9, 3), (106, 10, 3), (106, 11, 3), (106, 12, 3), (106, 13, 3), (106, 14, 3), (106, 15, 3), (106, 16, 3), (106, 17, 3), (106, 18, 3), (106, 19, 3),
    (107, 4, 3), (107, 5, 3), (107, 6, 3), (107, 7, 3), (107, 8, 3), (107, 9, 3), (107, 10, 3), (107, 11, 3), (107, 12, 3), (107, 13, 3), (107, 14, 3), (107, 15, 3), (107, 16, 3), (107, 17, 3), (107, 18, 3), (107, 19, 3),
    (108, 4, 3), (108, 5, 3), (108, 6, 3), (108, 7, 3), (108, 8, 3), (108, 9, 3), (108, 10, 3), (108, 11, 3), (108, 12, 3), (108, 13, 3), (108, 14, 3), (108, 15, 3), (108, 16, 3), (108, 17, 3), (108, 18, 3), (108, 19, 3),

--10
	(109, 4, 3), (109, 5, 3), (109, 6, 3), (109, 7, 3), (109, 8, 3), (109, 9, 3), (109, 10, 3), (109, 11, 3), (109, 12, 3), (109, 13, 3), (109, 14, 3), (109, 15, 3), (109, 16, 3), (109, 17, 3), (109, 18, 3), (109, 19, 3),
    (110, 4, 3), (110, 5, 3), (110, 6, 3), (110, 7, 3), (110, 8, 3), (110, 9, 3), (110, 10, 3), (110, 11, 3), (110, 12, 3), (110, 13, 3), (110, 14, 3), (110, 15, 3), (110, 16, 3), (110, 17, 3), (110, 18, 3), (110, 19, 3),
    (111, 4, 3), (111, 5, 3), (111, 6, 3), (111, 7, 3), (111, 8, 3), (111, 9, 3), (111, 10, 3), (111, 11, 3), (111, 12, 3), (111, 13, 3), (111, 14, 3), (111, 15, 3), (111, 16, 3), (111, 17, 3), (111, 18, 3), (111, 19, 3),
    (112, 4, 3), (112, 5, 3), (112, 6, 3), (112, 7, 3), (112, 8, 3), (112, 9, 3), (112, 10, 3), (112, 11, 3), (112, 12, 3), (112, 13, 3), (112, 14, 3), (112, 15, 3), (112, 16, 3), (112, 17, 3), (112, 18, 3), (112, 19, 3),
    (113, 4, 3), (113, 5, 3), (113, 6, 3), (113, 7, 3), (113, 8, 3), (113, 9, 3), (113, 10, 3), (113, 11, 3), (113, 12, 3), (113, 13, 3), (113, 14, 3), (113, 15, 3), (113, 16, 3), (113, 17, 3), (113, 18, 3), (113, 19, 3),
    (114, 4, 3), (114, 5, 3), (114, 6, 3), (114, 7, 3), (114, 8, 3), (114, 9, 3), (114, 10, 3), (114, 11, 3), (114, 12, 3), (114, 13, 3), (114, 14, 3), (114, 15, 3), (114, 16, 3), (114, 17, 3), (114, 18, 3), (114, 19, 3),
    (115, 4, 3), (115, 5, 3), (115, 6, 3), (115, 7, 3), (115, 8, 3), (115, 9, 3), (115, 10, 3), (115, 11, 3), (115, 12, 3), (115, 13, 3), (115, 14, 3), (115, 15, 3), (115, 16, 3), (115, 17, 3), (115, 18, 3), (115, 19, 3),
    (116, 4, 3), (116, 5, 3), (116, 6, 3), (116, 7, 3), (116, 8, 3), (116, 9, 3), (116, 10, 3), (116, 11, 3), (116, 12, 3), (116, 13, 3), (116, 14, 3), (116, 15, 3), (116, 16, 3), (116, 17, 3), (116, 18, 3), (116, 19, 3),
    (117, 4, 3), (117, 5, 3), (117, 6, 3), (117, 7, 3), (117, 8, 3), (117, 9, 3), (117, 10, 3), (117, 11, 3), (117, 12, 3), (117, 13, 3), (117, 14, 3), (117, 15, 3), (117, 16, 3), (117, 17, 3), (117, 18, 3), (117, 19, 3),
    (118, 4, 3), (118, 5, 3), (118, 6, 3), (118, 7, 3), (118, 8, 3), (118, 9, 3), (118, 10, 3), (118, 11, 3), (118, 12, 3), (118, 13, 3), (118, 14, 3), (118, 15, 3), (118, 16, 3), (118, 17, 3), (118, 18, 3), (118, 19, 3),
    (119, 4, 3), (119, 5, 3), (119, 6, 3), (119, 7, 3), (119, 8, 3), (119, 9, 3), (119, 10, 3), (119, 11, 3), (119, 12, 3), (119, 13, 3), (119, 14, 3), (119, 15, 3), (119, 16, 3), (119, 17, 3), (119, 18, 3), (119, 19, 3),
    (120, 4, 3), (120, 5, 3), (120, 6, 3), (120, 7, 3), (120, 8, 3), (120, 9, 3), (120, 10, 3), (120, 11, 3), (120, 12, 3), (120, 13, 3), (120, 14, 3), (120, 15, 3), (120, 16, 3), (120, 17, 3), (120, 18, 3), (120, 19, 3),

--11
	 (121, 4, 6), (121, 5, 6), (121, 6, 6), (121, 7, 6), (121, 8, 6), (121, 9, 6), (121, 10, 6), (121, 11, 6), (121, 12, 6), (121, 13, 6), (121, 14, 6), (121, 15, 6), (121, 16, 6), (121, 17, 6), (121, 18, 6), (121, 19, 6),
    (122, 4, 6), (122, 5, 6), (122, 6, 6), (122, 7, 6), (122, 8, 6), (122, 9, 6), (122, 10, 6), (122, 11, 6), (122, 12, 6), (122, 13, 6), (122, 14, 6), (122, 15, 6), (122, 16, 6), (122, 17, 6), (122, 18, 6), (122, 19, 6),
    (123, 4, 6), (123, 5, 6), (123, 6, 6), (123, 7, 6), (123, 8, 6), (123, 9, 6), (123, 10, 6), (123, 11, 6), (123, 12, 6), (123, 13, 6), (123, 14, 6), (123, 15, 6), (123, 16, 6), (123, 17, 6), (123, 18, 6), (123, 19, 6),
    (124, 4, 6), (124, 5, 6), (124, 6, 6), (124, 7, 6), (124, 8, 6), (124, 9, 6), (124, 10, 6), (124, 11, 6), (124, 12, 6), (124, 13, 6), (124, 14, 6), (124, 15, 6), (124, 16, 6), (124, 17, 6), (124, 18, 6), (124, 19, 6),
    (125, 4, 6), (125, 5, 6), (125, 6, 6), (125, 7, 6), (125, 8, 6), (125, 9, 6), (125, 10, 6), (125, 11, 6), (125, 12, 6), (125, 13, 6), (125, 14, 6), (125, 15, 6), (125, 16, 6), (125, 17, 6), (125, 18, 6), (125, 19, 6),
    (126, 4, 6), (126, 5, 6), (126, 6, 6), (126, 7, 6), (126, 8, 6), (126, 9, 6), (126, 10, 6), (126, 11, 6), (126, 12, 6), (126, 13, 6), (126, 14, 6), (126, 15, 6), (126, 16, 6), (126, 17, 6), (126, 18, 6), (126, 19, 6),
    (127, 4, 6), (127, 5, 6), (127, 6, 6), (127, 7, 6), (127, 8, 6), (127, 9, 6), (127, 10, 6), (127, 11, 6), (127, 12, 6), (127, 13, 6), (127, 14, 6), (127, 15, 6), (127, 16, 6), (127, 17, 6), (127, 18, 6), (127, 19, 6),
    (128, 4, 6), (128, 5, 6), (128, 6, 6), (128, 7, 6), (128, 8, 6), (128, 9, 6), (128, 10, 6), (128, 11, 6), (128, 12, 6), (128, 13, 6), (128, 14, 6), (128, 15, 6), (128, 16, 6), (128, 17, 6), (128, 18, 6), (128, 19, 6),
    (129, 4, 6), (129, 5, 6), (129, 6, 6), (129, 7, 6), (129, 8, 6), (129, 9, 6), (129, 10, 6), (129, 11, 6), (129, 12, 6), (129, 13, 6), (129, 14, 6), (129, 15, 6), (129, 16, 6), (129, 17, 6), (129, 18, 6), (129, 19, 6),
    (130, 4, 6), (130, 5, 6), (130, 6, 6), (130, 7, 6), (130, 8, 6), (130, 9, 6), (130, 10, 6), (130, 11, 6), (130, 12, 6), (130, 13, 6), (130, 14, 6), (130, 15, 6), (130, 16, 6), (130, 17, 6), (130, 18, 6), (130, 19, 6),
    (131, 4, 6), (131, 5, 6), (131, 6, 6), (131, 7, 6), (131, 8, 6), (131, 9, 6), (131, 10, 6), (131, 11, 6), (131, 12, 6), (131, 13, 6), (131, 14, 6), (131, 15, 6), (131, 16, 6), (131, 17, 6), (131, 18, 6), (131, 19, 6),
    (132, 4, 6), (132, 5, 6), (132, 6, 6), (132, 7, 6), (132, 8, 6), (132, 9, 6), (132, 10, 6), (132, 11, 6), (132, 12, 6), (132, 13, 6), (132, 14, 6), (132, 15, 6), (132, 16, 6), (132, 17, 6), (132, 18, 6), (132, 19, 6),
--12
	(133, 45, 8), (133, 5, 8), (133, 6, 8), (133, 7, 8), (133, 8, 8), (133, 9, 8), (133, 10, 8), (133, 11, 8), (133, 12, 8), (133, 13, 8), (133, 14, 8), (133, 15, 8), (133, 16, 8), (133, 17, 8), (133, 18, 8), (133, 19, 8),
    (134, 45, 8), (134, 5, 8), (134, 6, 8), (134, 7, 8), (134, 8, 8), (134, 9, 8), (134, 10, 8), (134, 11, 8), (134, 12, 8), (134, 13, 8), (134, 14, 8), (134, 15, 8), (134, 16, 8), (134, 17, 8), (134, 18, 8), (134, 19, 8),
    (135, 45, 8), (135, 5, 8), (135, 6, 8), (135, 7, 8), (135, 8, 8), (135, 9, 8), (135, 10, 8), (135, 11, 8), (135, 12, 8), (135, 13, 8), (135, 14, 8), (135, 15, 8), (135, 16, 8), (135, 17, 8), (135, 18, 8), (135, 19, 8),
    (136, 45, 8), (136, 5, 8), (136, 6, 8), (136, 7, 8), (136, 8, 8), (136, 9, 8), (136, 10, 8), (136, 11, 8), (136, 12, 8), (136, 13, 8), (136, 14, 8), (136, 15, 8), (136, 16, 8), (136, 17, 8), (136, 18, 8), (136, 19, 8),
    (137, 45, 8), (137, 5, 8), (137, 6, 8), (137, 7, 8), (137, 8, 8), (137, 9, 8), (137, 10, 8), (137, 11, 8), (137, 12, 8), (137, 13, 8), (137, 14, 8), (137, 15, 8), (137, 16, 8), (137, 17, 8), (137, 18, 8), (137, 19, 8),
    (138, 45, 8), (138, 5, 8), (138, 6, 8), (138, 7, 8), (138, 8, 8), (138, 9, 8), (138, 10, 8), (138, 11, 8), (138, 12, 8), (138, 13, 8), (138, 14, 8), (138, 15, 8), (138, 16, 8), (138, 17, 8), (138, 18, 8), (138, 19, 8),
    (139, 45, 8), (139, 5, 8), (139, 6, 8), (139, 7, 8), (139, 8, 8), (139, 9, 8), (139, 10, 8), (139, 11, 8), (139, 12, 8), (139, 13, 8), (139, 14, 8), (139, 15, 8), (139, 16, 8), (139, 17, 8), (139, 18, 8), (139, 19, 8),
    (140, 45, 8), (140, 5, 8), (140, 6, 8), (140, 7, 8), (140, 8, 8), (140, 9, 8), (140, 10, 8), (140, 11, 8), (140, 12, 8), (140, 13, 8), (140, 14, 8), (140, 15, 8), (140, 16, 8), (140, 17, 8), (140, 18, 8), (140, 19, 8),
    (141, 45, 8), (141, 5, 8), (141, 6, 8), (141, 7, 8), (141, 8, 8), (141, 9, 8), (141, 10, 8), (141, 11, 8), (141, 12, 8), (141, 13, 8), (141, 14, 8), (141, 15, 8), (141, 16, 8), (141, 17, 8), (141, 18, 8), (141, 19, 8),
    (142, 45, 8), (142, 5, 8), (142, 6, 8), (142, 7, 8), (142, 8, 8), (142, 9, 8), (142, 10, 8), (142, 11, 8), (142, 12, 8), (142, 13, 8), (142, 14, 8), (142, 15, 8), (142, 16, 8), (142, 17, 8), (142, 18, 8), (142, 19, 8),
    (143, 45, 8), (143, 5, 8), (143, 6, 8), (143, 7, 8), (143, 8, 8), (143, 9, 8), (143, 10, 8), (143, 11, 8), (143, 12, 8), (143, 13, 8), (143, 14, 8), (143, 15, 8), (143, 16, 8), (143, 17, 8), (143, 18, 8), (143, 19, 8),
    (144, 45, 8), (144, 5, 8), (144, 6, 8), (144, 7, 8), (144, 8, 8), (144, 9, 8), (144, 10, 8), (144, 11, 8), (144, 12, 8), (144, 13, 8), (144, 14, 8), (144, 15, 8), (144, 16, 8), (144, 17, 8), (144, 18, 8), (144, 19, 8);
GO
SELECT * FROM hproduccion

-- Seleccionar todas las resoluciones con informacin de resolucin relacionada (recursiva)
--SELECT 
--    r1.res_id AS resolucion_id,
--    r1.res_serie,
--    r1.res_numero,
--    r1.res_fecha,
--    r1.res_descripcion,
--    r1.tres_id AS tipo_resolucion_id,
--    r1.res_idResolucion AS resolucion_relacionada_id,
--    r1.res_estado,
--    r1.ger_id,
--    r2.res_serie AS resolucion_relacionada_serie,
--    r2.res_numero AS resolucion_relacionada_numero,
--    r2.res_fecha AS resolucion_relacionada_fecha,
--    r2.res_descripcion AS resolucion_relacionada_descripcion,
--    r2.tres_id AS tipo_resolucion_relacionada_id,
--    isnull(r2.res_idResolucion,'0') AS resolucion_relacionada_relacionada_id,
--    r2.res_estado AS resolucion_relacionada_estado,
--    r2.ger_id AS resolucion_relacionada_gerencia_id
--FROM 
--    resolucion r1
--INNER JOIN 
--    resolucion r2 ON r1.res_idResolucion = r2.res_id;





SELECT COUNT(res_id) FROM resolucion



-- DELETE FROM [dbo].[resolucion]
-- DELETE FROM [dbo].[tipoResolucion]
-- DELETE FROM [dbo].[cronograma]
-- DELETE FROM [dbo].[planta]
-- DELETE FROM [dbo].[gerencia]
-- DELETE FROM [dbo].[horarioPersonal]
-- DELETE FROM [dbo].[personal]
-- DELETE FROM [dbo].[puesto]
-- DELETE FROM [dbo].[articulo]
-- DELETE FROM [dbo].[material]
-- DELETE FROM [dbo].[unidadMedida]
-- GO

SELECT * FROM resolucion


--EXEC VerificarPresupuestoHojaProduccion @HojaProduccionID = 1;

--SELECT
--    m.mat_id,
--    m.mat_nombre,
--    m.mat_cantidad,
--    m.mat_precioUnitario,
--    SUM(m.mat_cantidad * m.mat_precioUnitario) AS valor_total
--FROM
--    material m
--GROUP BY
--    m.mat_id,m.mat_nombre,m.mat_cantidad,m.mat_precioUnitario


SELECT * FROM hproduccionMaterial
SELECT
    hpm.mat_id,
    m.mat_nombre,
	hpm.hprmat_cantidad,
	m.mat_precioUnitario,
	hpm.hprmat_id,
    SUM(hpm.hprmat_cantidad * m.mat_precioUnitario) AS valor_total_produccion
FROM
    hproduccionMaterial hpm
JOIN
    material m ON hpm.mat_id = m.mat_id
WHERE
    hpm.hpr_id = 6
GROUP BY
    hpm.mat_id, m.mat_nombre,hpm.hprmat_cantidad,m.mat_precioUnitario,hpm.hprmat_id


--UPDATE hproduccionMaterial SET hprmat_cantidad = 15 WHERE


SELECT * FROM hproduccionMaterial







SELECT   SUM(hpm.hprmat_cantidad * m.mat_precioUnitario) AS valor_total_produccion
FROM hproduccionMaterial  hpm
JOIN
    material m ON hpm.mat_id = m.mat_id
WHERE
    hpm.hpr_id = 6
GROUP BY
    valor_total_produccion



SELECT DISTINCT
    p.per_id,
    p.per_nombre,
    pu.pue_nombre AS puesto,
    r.res_id
FROM
    personal p
JOIN
    hproduccion h ON p.per_id = h.per_id
JOIN
    puesto pu ON p.pue_id = pu.pue_id
JOIN
    resolucion r ON h.res_id = r.res_id;




--SELECT
--    SUM(valor_total_produccion) AS suma_total_produccion
--FROM
--(
--    SELECT
--        hpm.mat_id,
--        m.mat_nombre,
--       (hpm.hprmat_cantidad * m.mat_precioUnitario) AS valor_total_produccion
--    FROM
--        hproduccionMaterial hpm
--    JOIN
--        material m ON hpm.mat_id = m.mat_id
--    WHERE
--        hpm.hpr_id = 6
   
--) AS subconsulta

--SELECT res_estado, res_id 
--    FROM resolucion
--    WHERE res_idResolucion = (SELECT res_id FROM hproduccion where res_id = 7);
select * from personal